:020000040000fa
:080000000002040000000000f2
:020000040000fa
:040008003c080000b0
:020000040000fa
:04000c009207000057
:020000040000fa
:04001000b207000033
:020000040000fa
:040014007c08000064
:020000040000fa
:040018005c08000080
:020000040000fa
:04001c00be0800001a
:020000040000fa
:04002000d207000003
:020000040000fa
:04002400be08000012
:020000040000fa
:04002800be0800000e
:020000040000fa
:04002c009e0800002a
:020000040000fa
:04003000be08000006
:020000040000fa
:04003400be08000002
:020000040000fa
:04003800be080000fe
:020000040000fa
:04003c00be080000fa
:020000040000fa
:04004000460700006f
:020000040000fa
:04004400be080000f2
:020000040000fa
:04004800be080000ee
:020000040000fa
:04004c00be080000ea
:020000040000fa
:04005000be080000e6
:020000040000fa
:04005400be080000e2
:020000040000fa
:04005800be080000de
:020000040000fa
:04005c00be080000da
:020000040000fa
:04006000be080000d6
:020000040000fa
:04006400be080000d2
:020000040000fa
:04006800be080000ce
:020000040000fa
:04006c00be080000ca
:020000040000fa
:04007000be080000c6
:020000040000fa
:04007400be080000c2
:020000040000fa
:04007800be080000be
:020000040000fa
:04007c00be080000ba
:020000040000fa
:04008000be080000b6
:020000040000fa
:04008400fa06000078
:020000040000fa
:04008800be080000ae
:020000040000fa
:04008c00be080000aa
:020000040000fa
:04009000be080000a6
:020000040000fa
:04009400be080000a2
:020000040000fa
:04009800be0800009e
:020000040000fa
:04009c00be0800009a
:020000040000fa
:0400a000be08000096
:020000040000fa
:0400a400be08000092
:020000040000fa
:0400a800be0800008e
:020000040000fa
:0400ac00be0800008a
:020000040000fa
:0400b000be08000086
:020000040000fa
:0400b4002007000021
:020000040000fa
:0400b800be0800007e
:020000040000fa
:0400bc00be0800007a
:020000040000fa
:0400c000be08000076
:020000040000fa
:0400c400be08000072
:020000040000fa
:0400c800d40600005a
:020000040000fa
:0400cc00be0800006a
:020000040000fa
:0400d000be08000066
:020000040000fa
:0400d400be08000062
:020000040000fa
:0400d800be0800005e
:020000040000fa
:0400dc006c070000ad
:020000040000fa
:0400e000be08000056
:020000040000fa
:0400e400be08000052
:020000040000fa
:0400e800be0800004e
:020000040000fa
:0400ec00be0800004a
:020000040000fa
:0400f000be08000046
:020000040000fa
:0400f400be08000042
:020000040000fa
:0400f800be0800003e
:020000040000fa
:0400fc00be0800003a
:020000040000fa
:04010000be08000035
:020000040000fa
:04010400be08000031
:020000040000fa
:04010800be0800002d
:020000040000fa
:04010c00be08000029
:020000040000fa
:04011000be08000025
:020000040000fa
:04011400be08000021
:020000040000fa
:04011800be0800001d
:020000040000fa
:04011c00be08000019
:020000040000fa
:04012000be08000015
:020000040000fa
:04012400be08000011
:020000040000fa
:04012800be0800000d
:020000040000fa
:04012c00be08000009
:020000040000fa
:04013000be08000005
:020000040000fa
:04013400be08000001
:020000040000fa
:04013800be080000fd
:020000040000fa
:04013c00be080000f9
:020000040000fa
:04014000be080000f5
:020000040000fa
:04014400be080000f1
:020000040000fa
:04014800be080000ed
:020000040000fa
:04014c00be080000e9
:020000040000fa
:04015000be080000e5
:020000040000fa
:04015400be080000e1
:020000040000fa
:04015800be080000dd
:020000040000fa
:04015c00be080000d9
:020000040000fa
:04016000be080000d5
:020000040000fa
:04016400be080000d1
:020000040000fa
:04016800be080000cd
:020000040000fa
:04016c00be080000c9
:020000040000fa
:04017000be080000c5
:020000040000fa
:04017400be080000c1
:020000040000fa
:04017800be080000bd
:020000040000fa
:04017c00be080000b9
:020000040000fa
:04018000be080000b5
:020000040000fa
:04018400be080000b1
:020000040000fa
:04018800be080000ad
:020000040000fa
:04018c00be080000a9
:020000040000fa
:04019000e605000080
:020000040000fa
:040194005806000009
:020000040000fa
:0401980096060000c7
:020000040000fa
:04019c00be08000099
:020000040000fa
:0401a000be08000095
:020000040000fa
:0401a400be08000091
:020000040000fa
:0401a800be0800008d
:020000040000fa
:0401ac00be08000089
:020000040000fa
:0401b000be08000085
:020000040000fa
:0401b400be08000081
:020000040000fa
:0401b800be0800007d
:020000040000fa
:0401bc00be08000079
:020000040000fa
:0401c000be08000075
:020000040000fa
:0401c400be08000071
:020000040000fa
:0401c800be0800006d
:020000040000fa
:0401cc00be08000069
:020000040000fa
:0401d000be08000065
:020000040000fa
:0401d400be08000061
:020000040000fa
:0401d800be0800005d
:020000040000fa
:0401dc00be08000059
:020000040000fa
:0401e000be08000055
:020000040000fa
:0401e400be08000051
:020000040000fa
:0401e800be0800004d
:020000040000fa
:0401ec00be08000049
:020000040000fa
:0401f000be08000045
:020000040000fa
:0401f400be08000041
:020000040000fa
:0401f800be0800003d
:020000040000fa
:0401fc00be08000039
:020000040000fa
:04020000be08000034
:020000040000fa
:04020400be08000030
:020000040000fa
:04020800be0800002c
:020000040000fa
:04020c00be08000028
:020000040000fa
:04021000be08000024
:020000040000fa
:04021400be08000020
:020000040000fa
:04021800be0800001c
:020000040000fa
:04021c00be08000018
:020000040000fa
:04022000be08000014
:020000040000fa
:04022400be08000010
:020000040000fa
:04022800be0800000c
:020000040000fa
:04022c00be08000008
:020000040000fa
:04023000be08000004
:020000040000fa
:04023400be08000000
:020000040000fa
:04023800be080000fc
:020000040000fa
:04023c00be080000f8
:020000040000fa
:04024000be080000f4
:020000040000fa
:04024400be080000f0
:020000040000fa
:04024800be080000ec
:020000040000fa
:04024c00be080000e8
:020000040000fa
:04025000be080000e4
:020000040000fa
:04025400be080000e0
:020000040000fa
:04025800be080000dc
:020000040000fa
:04025c00be080000d8
:020000040000fa
:04026000be080000d4
:020000040000fa
:04026400be080000d0
:020000040000fa
:04026800be080000cc
:020000040000fa
:04026c00be080000c8
:020000040000fa
:04027000be080000c4
:020000040000fa
:04027400be080000c0
:020000040000fa
:04027800be080000bc
:020000040000fa
:04027c00be080000b8
:020000040000fa
:04028000be080000b4
:020000040000fa
:04028400be080000b0
:020000040000fa
:04028800be080000ac
:020000040000fa
:04028c00be080000a8
:020000040000fa
:04029000be080000a4
:020000040000fa
:04029400be080000a0
:020000040000fa
:04029800be0800009c
:020000040000fa
:04029c00be08000098
:020000040000fa
:0402a000be08000094
:020000040000fa
:0402a400be08000090
:020000040000fa
:0402a800be0800008c
:020000040000fa
:0402ac00be08000088
:020000040000fa
:0402b000be08000084
:020000040000fa
:0402b400be08000080
:020000040000fa
:0402b800be0800007c
:020000040000fa
:0402bc00be08000078
:020000040000fa
:0402c000be08000074
:020000040000fa
:0402c400be08000070
:020000040000fa
:0402c800be0800006c
:020000040000fa
:0402cc00be08000068
:020000040000fa
:0402d000be08000064
:020000040000fa
:0402d400be08000060
:020000040000fa
:0402d800be0800005c
:020000040000fa
:0402dc00be08000058
:020000040000fa
:0402e000be08000054
:020000040000fa
:0402e400be08000050
:020000040000fa
:0402e800be0800004c
:020000040000fa
:0402ec00be08000048
:020000040000fa
:0402f000be08000044
:020000040000fa
:0402f400be08000040
:020000040000fa
:0402f800be0800003c
:020000040000fa
:0402fc00be08000038
:020000040000fa
:04030000be08000033
:020000040000fa
:04030400be0800002f
:020000040000fa
:04030800be0800002b
:020000040000fa
:04030c00be08000027
:020000040000fa
:04031000be08000023
:020000040000fa
:04031400be0800001f
:020000040000fa
:04031800be0800001b
:020000040000fa
:04031c00be08000017
:020000040000fa
:04032000be08000013
:020000040000fa
:100400006f2021002efe27000e0188000000200032
:100410000000e000020032000001200020028800fd
:10042000140007007d0307000000e00003003a000d
:10043000609324000100200002003700000020002b
:1004400001002000810f70004220ae000f00070065
:10045000000020000000e0004220ae00000002008a
:1004600000000000fe370200000000000040da003b
:100470000000fe00203520000000e00002003200f5
:10048000002020009001880000000600a1028800e2
:10049000800478000000eb001f003700e284440075
:1004a00054a0b4009905ba00e284440054a0b400fa
:1004b0009906ba00e284440054a0b4000006eb00a0
:1004c000476fde00fd07b200ae018800636ce100fb
:1004d00003003a000ad801000000eb000e003700cc
:1004e000606ce10008003a00004deb000a05e800ee
:1004f000020039003420ec000af0a0008b05e9006e
:10050000f9ff3e00040037006168e100010032009d
:100510000086eb000b00070019c7ba001905ba00e6
:100520000e04e00003003a000a00e000dbff3a009e
:1005300000000600fe07b200ae0288008a047800c0
:10054000f5ff37000cd0a300e20f4d001c003b006c
:1005500089027800354dba000a05e800020039002a
:100560003420ec000af0a0008b05e9000f003200f7
:10057000254dba000a05e800020039003420ec00dd
:100580000af0a0008b05e900080032000c00e00032
:100590000600320015cdba000a05e8000200390055
:1005a0003420ec000af0a0008b05e9008984e80003
:1005b00054a0b4000b00e000e2ff3a000000060087
:1005c0009902ba00055d78008b05e900f7ff32005b
:1005d000c82ade00055d78008b05e900f3ff3200d4
:1005e0000c00e000f1ff320019ddba00eeff370029
:1005f0006100e10001003200100005005400f80025
:1006000050102000a002880000f927001000ba0056
:100610005400f9000700260000f0a6008703d1006f
:100620000703780001c4fe000003eb000120200056
:1006300091018800012b2d00111303008703e900ad
:10064000fdff3a0000f0a7000000050000f0a00048
:1006500080c4fe0086037800f3ff37000408200002
:10066000010037000002eb006100e10001003200f0
:10067000100005003200f8003400f8008102780014
:10068000930188003200be000100e0000c0032003f
:100690000470a70000f0a00032037800c733de002a
:1006a000848343004220af008703e800a70188004d
:1006b000f607b2007f30e100040032002000200085
:1006c0003400f9003200f900000006008100e90062
:1006d0000500e00003003a00018009003210030029
:1006e000e8ff37000180090032900300d561ae00b9
:1006f000e4ff370030002000f1ff370050052000f4
:10070000b00e8800a00a2000b00e8800d3e1a80037
:100710000000060050052000b00e8800a00a20004e
:10072000b00e8800d3e1a90000000600fe420400dc
:10073000000000003243040000000000a843040051
:100740000000000020430400000000009643040065
:10075000000000003c43040000000000743f04005f
:1007600000000000943f040000000000b43f0400bb
:1007700000000000d03f040000000000a44104007d
:10078000000000009e42040000000000144004002d
:1007900000000000ec400400000000008c3e04005b
:1007a00000000000943e0400000000009c3e040095
:1007b00000000000a43e040000000000ac3e040065
:1007c00000000000b43e040000000000da3e040017
:1007d000000000001c3f0400000000003a3f04003d
:1007e00000000000423f0400000000004a3f0400f7
:1007f00000000000523f040000000000ec42040032
:10080000000000000443040000000000ca4b040084
:1008100000000000444b040000000000724b040084
:1008200000000000a04b040000000000ac4b0400de
:1008300000000000b84b040000000000d04b040092
:1008400000000000f04b040000000000084c040011
:10085000000000001c4c040000000000aa4c040032
:1008600000000000244c040000000000524c040072
:1008700000000000804c0400000000008c4c0400cc
:1008800000000000984c040000000000b04c040080
:1008900000000000d04c040000000000e84c040000
:1008a00000000000fc4c0400000000008a4d040021
:1008b00000000000044d040000000000324d040060
:1008c00000000000604d0400000000006c4d0400ba
:1008d00000000000784d040000000000904d04006e
:1008e00000000000b04d040000000000c84d0400ee
:1008f00000000000dc4d0400000000006a4e04000f
:1009000000000000e44d040000000000124e04004e
:1009100000000000404e0400000000004c4e0400a7
:1009200000000000584e040000000000704e04005b
:1009300000000000904e040000000000a84e0400db
:1009400000000000bc4e040000000000583e0400ff
:10095000000000005c3d040000000000de3d0400db
:100960000000000086380400000000007e3804000b
:10097000000000008e380400000000009a380400d7
:1009800000000000a638040000000000b238040097
:10099000000000003c38040000000000cc380400d7
:1009a00000000000e63804000000000010390400d8
:1009b000000000002a39040000000000563904003d
:1009c000000000009039040000000000c439040059
:1009d00000000000e639040000000000fc390400bb
:1009e00000000000123a040000000000283a040051
:1009f000000000003e3a040000000000583a0400e5
:100a000000000000723a040000000000903a040068
:100a100000000000aa3a040000000000ea3a0400c6
:100a2000000000006a3b0400000000002a3b0400b4
:100a30000000000026380400000000001038040008
:100a400000000000303c0400000000004a3c0400ac
:100a500000000000643c040000000000f03b0400c3
:100a600000000000063c040000000000463d0400b9
:100a7000000000007e3c040000000000b03c0400c8
:100a800000000000e23c040000000000143d0400ef
:100a900000000000463e040000000000603e04002c
:100aa000000000003e4b040000000000fa4f04006c
:100ab00000000000824f040000000000984f040076
:100ac00000000000a84f040000000000b44f040024
:100ad00000000000be4f0400000000006e4f040044
:100ae00000000000784f040000000000ca4f04001e
:100af00000000000e84f040000000000b0430400c4
:100b000000000000d043040000000000e6430400a1
:100b10000000000004440400000000001a44040027
:100b2000000000002e440400000000004e440400b9
:100b3000000000007044040000000000784404003d
:100b4000000000008044040000000000a6440400ef
:100b500000000000be440400000000003045040016
:100b6000000000004645040000000000624504004b
:100b700000000000f445040000000000d64404001a
:100b8000000000004c30040000000000323104007e
:100b90000000000046340400000000007a34040025
:100ba00000000000a634040000000000da34040055
:100bb000000000006221040000000000261d040067
:100bc0000000000072130400000000003600f8006e
:100bd000809fbe00829fbe00849fbe00869fbe0095
:100be0003200f8003400f80010002000a001880056
:100bf0000020200000d0fe000200fa0040848000a7
:100c00000000e0000200320040848000000001008b
:100c10005140800000802000008060000000e00063
:100c20000a00320061608000010f7800508480006b
:100c30000000e00004003200528480009e00780032
:100c40000000eb00020001000b68a9005140800089
:100c500000002100008060000000e0000a00320077
:100c600071608000010f7800508480000000e00077
:100c700004003200528480009e00780010002000a2
:100c8000020001000b88a9000b48a9000080fa00af
:100c90003400f9003200f9004f03be004f02be00dd
:100ca0004f01be004f00be003600f90000400600b4
:100cb0003600f800809fbe00829fbe00849fbe0069
:100cc000869fbe003200f8003400f80010002000bb
:100cd000a00188000020200000d0fe000200fa00e1
:100ce00061608000010f7800508480000000e00007
:100cf00004003200528480009e0078000000eb0067
:100d0000020001000b68a9000080fa003400f9001d
:100d10003200f9004f03be004f02be004f01be007b
:100d20004f00be003600f900004006003600f80013
:100d3000809fbe00829fbe00849fbe00869fbe0033
:100d40003200f8003400f80010002000a0018800f4
:100d50000020200000d0fe000200fa007160800038
:100d6000010f7800508480000000e0000400320091
:100d7000528480009e0078001000200002000100d4
:100d80000b88a9000080fa003400f9003200f90055
:100d90004f03be004f02be004f01be004f00be0019
:100da0003600f900004006003600f800809fbe00c3
:100db000829fbe00849fbe00869fbe000000fa0096
:100dc000b08480000000e00002003200b0848000a7
:100dd000000001000508a9000080fa004f03be00d2
:100de0004f02be004f01be004f00be003600f900aa
:100df000004006003600f800809fbe00829fbe00c3
:100e0000849fbe00869fbe000000fa00c084800060
:100e10000000e00002003200c084800000000100f9
:100e200002e8a9000080fa004f03be004f02be0096
:100e30004f01be004f00be003600f9000040060022
:100e40003600f800809fbe00829fbe00849fbe00d7
:100e5000869fbe000000fa00d08480000000e00001
:100e600002003200d0848000000001000468a90064
:100e70000080fa004f03be004f02be004f01be00cb
:100e80004f00be003600f900004006003600f800b2
:100e9000809fbe00829fbe00849fbe00869fbe00d2
:100ea0000000fa00e08480000000e0000200320050
:100eb000e08480000000010000c8a9000080fa0062
:100ec0004f03be004f02be004f01be004f00be00e8
:100ed0003600f900004006003600f800809fbe0092
:100ee000829fbe00849fbe00869fbe000000fa0065
:100ef000308480000000e000020032003084800076
:100f00000000010005a8a9000080fa004f03be0000
:100f10004f02be004f01be004f00be003600f90078
:100f2000004006003600f800809fbe00829fbe0091
:100f3000849fbe00869fbe000000fa00c068a90022
:100f400020002000622507000080fa004f03be0049
:100f50004f02be004f01be004f00be003600f90038
:100f6000004006003600f800809fbe00829fbe0051
:100f7000849fbe00869fbe000000fa00c608a9003c
:100f800070002000522507000080fa004f03be00c9
:100f90004f02be004f01be004f00be003600f900f8
:100fa000004006003600f800809fbe00829fbe0011
:100fb000849fbe00869fbe000000fa00204680008d
:100fc000700060000000e00003003200c488a90047
:100fd000a00020003e2507002146800000042000dc
:100fe000008060000000e00003003200c4c8a900d7
:100ff000e000200036250700214680000002200086
:10100000008060000000e00003003200c4a8a900d6
:10101000900020002e2507002146800000102000af
:10102000008060000000e00003003200c508a90055
:10103000c000200026250700214680000020200057
:10104000008060000000e00003003200c528a90015
:10105000d00020001e2507002046800061006000af
:101060000000e00003003200c408a900b000200026
:1010700017250700ffff37003600f800809fbe00ed
:10108000829fbe00849fbe00869fbe000000fa00c3
:10109000c028a9000000eb000d2507000080fa0021
:1010a0004f03be004f02be004f01be004f00be0006
:1010b0003600f900004006003600f800809fbe00b0
:1010c000829fbe00849fbe00869fbe000000fa0083
:1010d000c088a90030002000fd2407000080fa002d
:1010e0004f03be004f02be004f01be004f00be00c6
:1010f0003600f900004006003600f800809fbe0070
:10110000829fbe00849fbe00869fbe000000fa0042
:10111000f6240700c048a90010002000ec240700b6
:101120000080fa004f03be004f02be004f01be0018
:101130004f00be003600f900004006003600f800ff
:10114000809fbe00829fbe00849fbe00869fbe001f
:101150000000fa0010858000000001000028a900ae
:101160000080fa004f03be004f02be004f01be00d8
:101170004f00be003600f900004006000040da00d3
:101180000000fe000a00fa0011002000b1bf9f001d
:10119000c0bf9f006a805700610e07004fb89700dc
:1011a0000080fa00000006000800fa00100798000e
:1011b00021079800320798000000eb00000f78002c
:1011c00000000000b51d07000004a2000004e000bc
:1011d000fcff3a000a003700000000009f1d0700d6
:1011e0000004a2000004e000fcff3a002e00900082
:1011f0001e004000104078001e0fe800821d07000e
:101200003e0090009e007800808f5000f2ff390071
:101210001e0078000080fa000000060000000500b3
:101220006011b800900437006022b8000602200068
:101230000000d0008180d2000482d2008582d200da
:101240000000a0000202520083825a000300310015
:101250000202420083824a000000a1000603e90066
:10126000f3ff3a000000060007f82700078361003b
:101270000638e10004003a00f70720008783610088
:101280008703710001003a0003f0a200889fbe00ae
:101290008a9fbe008c9fbe00470ade000480a1002a
:1012a000c71ade000580a10007002800078560003e
:1012b00087856100f70f20000720e1009e003200c3
:1012c0000728e1009c003200010678000400e000dd
:1012d000b4003200f7072000878060000170a00092
:1012e0000500e000c0003200f707200087816100a0
:1012f0000370a000050652000f003a000b50e100f9
:101300000b0032000308e10002003a000200e10095
:101310007e00320002045000838458000400310033
:101320000001fd008101fd008402fd008a05fd0031
:101330006044b800210037000520e10005003d00b1
:101340000001fd008101fd008402fd008a05fd0011
:10135000050652007a60e100050035000170a10029
:101360004722dd00848070008a80700063003700af
:101370006044b800ef02660007ff2f000706660012
:101380000500e00006003400f08312008714dd0041
:101390000511de00071bdd00060171008519de0066
:1013a0007060e100050035000904780082047800cf
:1013b000030178008001eb00700656000b50e1003d
:1013c00003003a0002004000838048000400370018
:1013d00060041400e0841c00020058008380580060
:1013e0000188a300060032008100d1000080d300f4
:1013f0008984d3000884d3000402e8002700370062
:101400000178a30025003a000100e000030032004b
:101410008186cf00698656000a0037008c002000c4
:101420000000e00004003a00090078008804780019
:101430000004eb00700252008086cf000d064600cb
:101440000c06e9007060e1000600350080007800bd
:1014500009007800880478000004eb00700656004c
:10146000700252000c00e0000c0034008c08dd001b
:10147000f00316000703de00868070000c00dd001c
:10148000074bde00060070008c4cdd000743de00d9
:10149000868474000c44dd000c0252006120e100df
:1014a000200035006101600007002800878164008a
:1014b000f7ff270087836400070374000300e00040
:1014c0000600320082037300040032000000e800ce
:1014d000e08048000188a3000e003a00f70f2000ca
:1014e0000720e1004a003d000170a1004722dd0015
:1014f000810072008a8070000000be004f06be00ae
:101500004f05be004f04be00000006006000b8009a
:10151000faff37008100d1000080d3000402e80008
:10152000eeff37000401780089017400a101070073
:101530008a807000f1ff3700f7010700070278008a
:101540000001fd008101fd00f30107008702780022
:10155000850372000778a300040032000001fd003b
:101560008101fd0006020700e4ff370085036200e9
:101570000768a300080032000b50e10003003200ae
:10158000f0ff2f00f1ff2700dcff37000001fd0016
:101590008101fd00d9ff37000468a300d7ff3200a6
:1015a000faff3700f8ff2700888360000b003a003d
:1015b0000000e00009003a008303640082837300a6
:1015c000020032000200be00ccff37000b50e100e9
:1015d000ceff3a000200be00c8ff37001400200012
:1015e000810064003eff3700f8ff27008883610018
:1015f00004003a000200e00002003a008c0078008b
:10160000beff3700150020008301640039ff37005a
:1016100001f827000000200081007500b7ff3700a7
:10162000889fbe008a9fbe008c9fbe001b002000ca
:101630000202be0005866800060028000606660055
:101640004709de00f20fb200820032000243e800d8
:1016500080003200c729de00f30fb2007d003200a7
:101660000343e8007b003200f107b2000170a000e4
:10167000f507b2000570a000c708dd004903de00d1
:10168000868070004700dd00c72add004923de00a8
:10169000868272004722dd000305510004035000da
:1016a000858358000300310000004000818048001d
:1016b0000a05e9008c1f78008a9fbe0004005000d4
:1016c000858058000402420085824a0000004000e4
:1016d000818048000005eb000004be006033b800c4
:1016e0000406be000d48e100560031000500090067
:1016f0004dccd8000c01b8000d02b8008481410027
:1017000060824a008283530003045c0084845c008e
:1017100060055d000a00e00025003a0080057800c1
:101720000d40e10049003100880078000700780092
:10173000050009004d88d8000c01b8000d02b80062
:101740008481410060824a006003110083835b0052
:1017500004045c00e0845c000900e00021003a0021
:101760004f01be000300e0002b003200e3016000e7
:10177000070673008c817100010032006400700064
:101780004200de004e5edd000c007000c258de003c
:1017900001e0a00083010700cf0178008180710083
:1017a0004f06be004f05be004f04be0000000600fd
:1017b0008c8343000d044c00e0844c0060054d0018
:1017c0000000e9000a00e000d4ff32008c834300ef
:1017d0000d044c00e0844c0060054d000000e90061
:1017e000ceff37000c0343008d834b0060044c0098
:1017f000e0844c000000e9000900e000d8ff32005e
:101800000c0343008d834b0060044c00e0844c00cb
:101810000000e900d2ff37004200de004e5edd002e
:101820000c007000c258de0001e0a000cf0178007b
:101830000300e000daff320060001000e0801800d2
:10184000d7ff3700f0ff2f00aaff3700f0ff2f006f
:10185000b9ff37000404be002f0107008706780097
:101860000004fd008104fd002b01070007836600d2
:101870000678a300030032000960a7000800be003c
:101880002c0037000d78a300020032000800be00d3
:10189000280037000778a30026003a0001f0a100d5
:1018a00009f0a1000668a30003003200f1ff270041
:1018b000f0ff2f00baff37000d68a30003003200cd
:1018c0000800be008c807000b5ff37000768a300d9
:1018d00007003a000648a30003003200f1ff27008a
:1018e000f0ff2f00aeff37000d48a30003003200c9
:1018f0006000b8008c807000a9ff37000748a30083
:101900000400320001f82700000020008c807000e5
:10191000a3ff3700760107000004fd008104fd00ed
:1019200002057800720107000802be008a017800f3
:1019300059ff37000160a0001202200032858800a4
:1019400097ff37000100e000120032000500e000c0
:1019500010003200889fbe008a9fbe008c9fbe0090
:101960000006eb0001f8a300030032006000100045
:10197000e08018000cf0a00005f8a300030032007e
:1019800060021200e0821a000cf0a2008005eb0059
:1019900041ff37006000b8000200050003836800c3
:1019a0000700280007036300470ade000480a10047
:1019b000c71ade000580a100f70f20000720e10014
:1019c000420032000728e10040003200889fbe003c
:1019d0008a9fbe008c1f7800f107b200f307b200a7
:1019e0000400e000640032000170a0000500e00087
:1019f000680032000370a00085054200eb07b100cb
:101a00000204b8000302b8008484440060854a00e0
:101a1000020ab800848444000a854a00030ab80018
:101a200004054500040033000804d0008984d20076
:101a30000a85d2008b05e9006158e1003d003500c0
:101a40000210200009016100030820008981610063
:101a5000f70720008783640008867300c84cde0007
:101a6000c853dd00878474004855de000300e000a1
:101a70000600320082037600040032008904e80088
:101a800060054d000a88a3000c003a00f70f200003
:101a90000758e10044003d000a70a100c75ddd0069
:101aa0000a8575008a007300090078004f067800e7
:101ab0004f05be004f04be00000006000a05d1001d
:101ac0008984d3008b05e800f0ff3700881f780079
:101ad0000604780090000700070278000001fd006e
:101ae0008101fd008c0007008702780085037200e9
:101af0000778a300050032000001fd008101fd0010
:101b00009f0007004f047800000006008503720064
:101b10000748a30003003200f0ff2f00f1ff270069
:101b2000f8ff37000000200001f8270088807000cf
:101b3000f4ff3700880178004848dd00808171009b
:101b40004848de00c850dd0001007000c850de00cb
:101b5000060478000b0178001600070088807000ea
:101b6000d2ff37000500e00005003200170020001a
:101b70003a0007009dff370081037000f9ff3a002b
:101b8000860078004f0678004f05be004f04be0067
:101b90000000050083037100f9ff320027002000d8
:101ba0002e00070094ff370001f8270086807000a0
:101bb000f4ff37000100e00026003200610111004f
:101bc0007810e10023003c006022b8007010e100b2
:101bd0000400350080027800010078008000eb00ee
:101be000700151000200e000090034007003110090
:101bf000062add00822ade008603dd00878272006d
:101c00000200de00860bdd00070070008208de00a7
:101c100084817100f4ff27000482620084817100d6
:101c200004002800848262006102600005f0a600c2
:101c30000000060004827100070032000000e80086
:101c4000e0804800000006000002be006000b8000e
:101c5000efff37006000b80000000600889fbe005c
:101c60000004eb006138e10016003a000100e000da
:101c700008003a00c800de004800dd0088002000af
:101c80000100e00003003a00c800de004800dd006b
:101c9000680444008184cf00e984540006003400c5
:101ca0008908dd00f08314008703de008780700060
:101cb0000900dd0009044400610214004f04be0065
:101cc000000006000300e00008003a00c811de0032
:101cd0004811dd00880020000300e00003003a0006
:101ce000c811de004811dd00680444008384cf0081
:101cf000e9845400060034008919dd00f0831400e3
:101d00008713de00878171000911dd00090444009a
:101d1000e1021400e9ff37002700200001f0a700ce
:101d200017002000470bde00f60fb200040032005f
:101d30000643e8000a0032004702b3000000060034
:101d400001037800f607b2000603700002003a00b3
:101d50000703b300000006008702b300000006007e
:101d600001037800f607b20006037000020032009b
:101d70000770a000000006000760a0000000060039
:101d80000478a300040032000578a30003003200a9
:101d90000168a30001003a000200be000160a0003b
:101da0000000060081017000270032008002eb0075
:101db00001f8a3000300320060001000e08018006a
:101dc00015002000f4072000020242002000340029
:101dd000f70320008703600006042000000363006f
:101de00002082000000161004700de00c909dd0093
:101df00000807100c708de000600e0000800320025
:101e000087037100060032001000b0000180b000ae
:101e10000188a30002003200c108de000402e800cd
:101e2000f107b200f30f20000320e10003003d00a2
:101e30004722dd00810072002900370001f82700e9
:101e40000000eb00260037006000b800000006002c
:101e5000680212007f20e100020034006000b80038
:101e60001f0037006011b8007020e1000400350049
:101e700080017800010078008000eb0070025200c1
:101e80000400e00009003400f00312000719dd002f
:101e90008419de000703dd00868171000400de0086
:101ea000070bdd00060070008408de00f7ff270046
:101eb0008383630087037100060028000303630027
:101ec000070032000700e00003003a0061016000f3
:101ed00002817300020032001000b0000180b000e7
:101ee0000500a6000000060001f0a00000000600aa
:101ef0004f0ade004709de00f107b200f20fb20020
:101f00000b003200f207b1000170a000c708dd002d
:101f1000c901de00838070004700dd000400a600d8
:101f20000000060060001000e080180000000600bd
:101f3000810f700001003a00000006008182cf008e
:101f40000500e00010003e008082cf00ee824200db
:101f50007028e1000400390007003e00800078008e
:101f60000000eb000e003700708312008600de00d8
:101f70000500dd000a003700708352008600dd0096
:101f80000000eb0006003700e28252008508dd0009
:101f9000708312000603de00868070000500dd00fd
:101fa0007507b0000501ea000400a6000000060065
:101fb00060001000e080180000000600889fbe004e
:101fc0008a9fbe0030044200b0844a0030054b00b6
:101fd00090854b006000b1000898be000a90be00da
:101fe0000440e10005c8e10006d0e10007d8e100a7
:101ff00002003100680040001008e8004f05be00f4
:102000004f04be0000000600889fbe008a9fbe00ed
:102010003004be002005be000418540005985c0082
:1020200006185d0007985d00110020000440e100e3
:1020300005c8e10006d0e10007d8e1000100390041
:102040008000eb00108810004f05be004f04be005a
:10205000000006001200fa00889fbe008a9fbe00a2
:102060008c9fbe00e0b79f00f1b79f0082bf9f002a
:1020700093bf9f000605be000404be000000eb00f5
:10208000d0b79f00c0b79f00b0b79f00a0b79f0018
:1020900090b79f00000678005fb19700cfb097001f
:1020a000820141003fb097000200e00004003d00c3
:1020b000370007007e805700c0ff0700030037008d
:1020c000330007007e805700cfff0700dfb6970080
:1020d0000d00e0000c0035006fb29700ffb29700d2
:1020e0000fbb97009fbb970010002000010020004d
:1020f0006011b80000027200818272000203730056
:10210000838373001b0007000c06e8000104200015
:10211000810f5600e0ff3a000d00e00004003d0092
:102120000802be000a03be007e805700a3ff07001e
:102130005fa897000000e00005003a001fb297007a
:10214000afb297003fb39700cfb3970009000700e5
:102150006fb09700ffb097000fb997009fb9970035
:102160004f06be004f05be004f04be000080fa00bf
:10217000000006000100070000000600a4b79f0051
:10218000b5b79f00c6b79f00d7b79f0000000600f5
:102190004f09de0082817100b3b79f004f01de005e
:1021a0008180400082807000a1b79f008fb09700af
:1021b0004f09de00000040000200700090b79f0051
:1021c0007fa897004f01de00818040008280700070
:1021d00081b79f000d0007004f3ade00000040006d
:1021e00004007000f0af9f000800070004024200e6
:1021f00085824a0006034b0087834b00dfff070000
:102200000802be000a03be00000006002fb29700bd
:10221000bfb297004fb39700dfb3970000000600ee
:10222000881f780018002000881f780089ff0700a9
:102230008f87e9004f04780000000600801feb0044
:1022400084ff07008f87e90000000600889fbe001a
:102250008a9fbe00e00f5000e08f5800e00f590049
:10226000e08f59000c003d006044b8006055b80094
:102270000000540081805c0002015d0083815d00ec
:10228000180020001500070008003d001800070096
:102290000004eb00050037000004eb000f0007000e
:1022a00002003d001200070018002000dcff0700bc
:1022b0000800e000060032006022b8006033b80079
:1022c0000000520081805a0002015b0083815b00a4
:1022d0004f05be004f04be0000000600e00f520094
:1022e000e08f5a00e00f5b00e08f5b00000006000b
:1022f0006044b8006055b8000402540085825c0058
:1023000006035d0087835d0000000600889fbe0015
:102310008a9fbe008c1f7800e00f5000e08f5800ad
:10232000e00f5900e08f59000d003d006044b800f7
:102330006055b8000000540081805c0002015d001f
:1023400083815d001c0020000820e10009a8e10055
:102350000ab0e1000bb8e1000d003d0008003700b5
:102360000006eb00e00f5200e08f5a00e00f5b0028
:10237000e08f5b0006003d006044b8006055b80087
:102380000402540085825c0006035d0087835d00c3
:10239000aaff07000c00e000060032006022b8002f
:1023a0006033b8000000520081805a0002015b00d7
:1023b00083815b004f0678004f05be004f04be00ce
:1023c00000000600889fbe008a9fbe008c1f780018
:1023d0000006eb00e00f5000e08f5800e00f5900be
:1023e000e08f590007003d006044b8006055b80018
:1023f0000000540081805c0002015d0083815d006b
:102400001c002000e00f5200e08f5a00e00f5b003c
:10241000e08f5b0007003d006044b8006055b800e5
:102420000402540085825c0006035d0087835d0022
:102430000c00a200610007000c00e0000600320062
:102440006022b8006033b8000000520081805a005a
:1024500002015b0083815b004f0678004f05be00e0
:102460004f04be0000000600889fbe008a9fbe0089
:1024700000827000040271000482710026003200a4
:102480000004be000200be006011b8006b0920000d
:10249000950220000182cf000a0039000541b100f9
:1024a0000082cf00070039000541b1000982cf004a
:1024b000040039000541b1000882cf000100390055
:1024c0000541b10005425200120032000a003b00f3
:1024d00082817100610164008100d1000080d3001d
:1024e0008984d3000884d3008b05e8000442e80007
:1024f000f7ff3a00070037000804440089844c00c5
:1025000000004800818048008b05e9000442e90092
:10251000f9ff3a00030007004f05be004f04be005c
:102520000000060081002000618055000b003d0086
:102530000b00200061fe2f000100e1001d003400af
:1025400082817100610164008904d1000884d30094
:102550000000e800faff3a0071002000610064000a
:1025600003007000020060000900320061044400b2
:10257000e0844c000988a500050032008b05e800c6
:102580006808e10002003a008904d1000884d30001
:10259000f20f20000258e10005003d00c75ddd009c
:1025a000f907b20089807500080078000000060075
:1025b0000bf827008b00780000000500889fbe0004
:1025c0008a9fbe008c9fbe000404b8000506b800b8
:1025d0008904460060854e000606b8000a054600dc
:1025e000e0854e000706b8008b054600040eb800d3
:1025f000890446000a854e00e0854d00050eb800ae
:102600000a0546008b854e00060eb8008b05460075
:102610000416b8000a0546008b854e000516b80062
:102620008b054600041eb8008b0546000800be005e
:102630000a01be004f06be004f05be004f04be009b
:10264000000006000000fa0068815700cfb897002c
:102650008089800010007800db0407000080fa0009
:102660000000060026000700800007005003070056
:1026700086030700020407002a0437000000fa005e
:1026800068815700cfb897008089800010007800db
:10269000cd0407000080fa000000060018000700c3
:1026a00043030700f60307001e0407007703370003
:1026b00081898000910078005e07070011002000ea
:1026c0000000e0000500350080898000900078005f
:1026d000a00020000b080700cf00de000100ea0088
:1026e0000000060000000600601321000000060044
:1026f000fdff0700a089880090898800000006007f
:10270000ec874700889fbe008a9fbe008c9fbe005a
:102710008e1f7800000678000104780018079000ea
:102720002805900098067800cdb79f00b805900066
:102730003202be002203be000400be000601be003d
:102740004f18de006011b8008000eb00d0b79f008a
:10275000e1b79f00f2b79f0083bf9f00800478001d
:102760000900e000060032006000b8006011b80007
:1027700004025000858258000603590087835900df
:102780000e00e000020035000d10a100cdb79f0043
:102790000900e00005003a004fb097000028a300b0
:1027a00002003a000038a300020032008a00e9006b
:1027b000010037008a007800f8815700a20020004d
:1027c000080078005b0307000900e00003003a00fe
:1027d000cfb097000128a300080032000000e900f4
:1027e00000814500b1c2b3000900e00001003200e1
:1027f000d1c2b30001497800060037000138a300b8
:10280000040032000000e9008080450002c2b300ed
:1028100082487800480190000201e900000151005f
:10282000808045004fb297008a0178000c00780044
:10283000a30407009c0090000188a300040032005c
:1028400098009000810f500001003d0001007800c9
:102850004f0778004f06be004f05be004f04be0074
:10286000cf00b10000000600000006002f04b000f9
:10287000889fbe008a9fbe008c9fbe008e1f78007e
:10288000b09f9f00a1a79f00a37f9f001100780029
:10289000d0a79f0091009000f1a79f00afa19700e3
:1028a000a3019000c3a79f002fa2970044029000ad
:1028b000a49f9f00afa29700350790003204be008e
:1028c0002205be006022b8006033b8000800be00d8
:1028d0000a01be00940807000000e00003003d006c
:1028e0000bf0a200d0c2b300040037005fa3970032
:1028f0000628a30008003200b0c2b300004f7800e1
:10290000cfa397008703e90087af9f001000200046
:10291000e0a79f000f003700dfa097000138a30059
:102920000800320000c2b300004f78004fa19700aa
:102930000201e90082af9f0013002000e3a79f007f
:10294000040037004fa2970084af9f008002eb0085
:10295000e5a79f000800be000a01be00c2ff0700f5
:10296000f4ff2f00f5ff2f00f6ff2f00f7ff2700e1
:1029700004026000858260000603610087836100b5
:102980006000b8000200200003ff27000020e100e3
:1029900001a8e10002b0e10003b8e10010003a0034
:1029a0002f7b97008600fb001104b100efa3970076
:1029b00007004700f98f500002003e00411f210030
:1029c00001003700811f21004f070700801f2100f1
:1029d00054070700efa097000101400014003700e2
:1029e0000020e10001a8e10002b0e10003b8e1002d
:1029f000120036002f7997008200fb001104b1000d
:102a0000efa1970003004700f98f500002003e003d
:102a1000c11f210001003700012021003a070700f3
:102a2000002021003f0707006fa29700040140002b
:102a30005fa29700cfa19700490237006022b8003b
:102a40006033b8000800be000a01be003608070067
:102a50000000e000680032006000b80002002000c2
:102a600003ff2300d0af9f00e1af9f00f2af9f00b4
:102a700083b79f008006eb000802be000a03be0079
:102a800094b79f00a5b79f00b6b79f00c7b79f0038
:102a9000070037008d06e8000800be000a01be00ee
:102aa000d0af9f00e1af9f00f2af9f0083b79f00c0
:102ab0006022b80006002000470224005fa89700ab
:102ac000efa897007fa997008fb1970086090700ac
:102ad0000004be000205be000002be000203be00ec
:102ae0001fb09700afb097003fb19700cfb19700ec
:102af0000d0807000000e000e6ff3d000006eb00c7
:102b00005fac9700efac97007fad97008fb5970053
:102b10002500370040ed2f00808f560019003d0042
:102b20000c00e00016003a006022b8000600200009
:102b3000073524001fb09700afb097003fb1970052
:102b4000cfb19700680907000002be000203be0073
:102b500094b79f00a5b79f00b6b79f00c7b79f0067
:102b60006022b80006002000073524000800be00df
:102b70000a01be005c0907000004be000205be0099
:102b80001c0020006022b80006002000470224003c
:102b90000800be000a01be00a40807000004be0031
:102ba0000205be008d06e9000802be000a03be0051
:102bb0001fb09700afb097003fb19700cfb197001b
:102bc000d90707000000e000d2ff35000800be0072
:102bd0000a01be00d0af9f00e1af9f00f2af9f009f
:102be00083b79f001fb49700afb497003fb597001d
:102bf000cfb59700080037006022b800060020001b
:102c000007ff2300d4af9f00e5af9f00f6af9f0002
:102c100087b79f008006eb00af7a97000500fb00a6
:102c2000e2060700b07f9f007fa3970060002000ae
:102c30000600e000010035007fa0970071c6b300d8
:102c4000bf7b970081cf53000a003a00ffa0970096
:102c50000100e000cb013200cb0137008d0f5000a6
:102c6000cf013c0090b79f0052c6b300e2cf9f0057
:102c70001e003700bf799700e3cf9f0002003700a6
:102c800064c6b300e4cf9f000000e80090b79f0047
:102c900060c6b300efca970080cf520013003a001d
:102ca0000d00e00008003d006000b80002002000b8
:102cb00003ff2300d0af9f00e1af9f00f2af9f0062
:102cc00083b79f008006eb0061c6b300e1cf9f0091
:102cd00070c6b3003f799700804f51000300320067
:102ce0009fb197008d81410093b79f005faa970025
:102cf000efaa97007fab97008fb39700d4b79f00e0
:102d0000e5b79f00f6b79f0087bf9f000800be0091
:102d10000a01be0090af9f00a1af9f00b2af9f001d
:102d2000c3af9f000006eb000802be000a03be000e
:102d3000e49f9f00f59f9f0086a79f0097a79f0095
:102d4000310037005fb29700efb297007fb3970072
:102d50008fbb97001fa89700afa897003fa99700c7
:102d6000cfa9970031080700890a07000004be00b8
:102d70000205be009507070080027800b5a79f00f6
:102d80005fb29700efb297007fb397008fbb9700b9
:102d90000800be000a01be00d30807001faa970062
:102da000afaa97003fab9700cfab9700ce070700c5
:102db0000002be000203be0007f0a20094af9f0015
:102dc000a5af9f00b6af9f00c7af9f006022b800bd
:102dd00006002000470224005fb09700efb0970084
:102de0007fb197008fb99700100807000002be005e
:102df0000203be00d4b79f00e5b79f00f6b79f005f
:102e000087bf9f000c06e8009fb29700850f560011
:102e1000ccff35006f9c9700ff9c97000fa5970093
:102e20009fa597006022b8000600200047012400fb
:102e30005fb09700efb097007fb197008fb9970010
:102e4000a90807000002be000203be00d4b79f001d
:102e5000e5b79f00f6b79f0087bf9f001fa89700a8
:102e6000afa897003fa99700cfa997002e070700aa
:102e70000000e0000f0035005fb29700efb297004e
:102e80007fb397008fbb97001fa89700afa897004c
:102e90003fa99700cfa99700230707000000e00093
:102ea00011003a00bfa297000508a30008003200f5
:102eb0000d0037006000b8006011b800d0b79f0067
:102ec000e1b79f00f2b79f0083bf9f000600370065
:102ed0006022b8006033b800d4b79f00e5b79f0008
:102ee000f6b79f0087bf9f005fb29700efb29700d1
:102ef0007fb397008fbb97000800be000a01be0099
:102f00007f0707000002be000203be0094af9f00cf
:102f1000a5af9f00b6af9f00c7af9f006022b8006b
:102f200006002000470224005fa89700efa8970042
:102f30007fa997008fb197006b0807000004be00bf
:102f40000205be000002be000203be001fa89700db
:102f5000afa897003fa99700cfa99700f7060700f1
:102f60000000e000090035008d06e80060c6b300ef
:102f7000efca970080cf520008003a001fb39700b5
:102f80000603e80096b79f00110037005fac97007a
:102f9000efac97007fad97008fb5970050c6b30098
:102fa0006fc99700804f510009003a000802be0027
:102fb0000a03be00d4b79f00e5b79f00f6b79f0095
:102fc00087bf9f008002eb00d5af9f00070037004e
:102fd0000800be000a01be00d0b79f00e1b79f0005
:102fe000f2b79f0083bf9f00ddaf9f006fa69700e1
:102ff0000001eb00b2a79f00c29f9f00e29f9f00cd
:103000009d9f9f00680037005fb29700efb2970066
:103010007fb397008fbb97001fa89700afa89700ba
:103020003fa99700cfa9970080070700d80907009c
:103030000004be000205be00e4060700e90f5000d0
:103040000100340090002000dfa197000348a30096
:103050000c003a000000e0000a003a0071c6b3001c
:103060003f7a9700814f520006003a00dfaa97008e
:103070000500e00003003d003fa397008606e8003e
:1030800021003700cf9b97000700e0000c003a00ba
:10309000dfa897000100e00009003d000c01470097
:1030a000e1c2b300014978000c06e8000fa99700bf
:1030b0000201e90082af9f0013002000c39f9f0020
:1030c0000c014700bfa697000300370001c3b300ff
:1030d000015978008d06e9000d00e000fbff3a0081
:1030e0003fa29700040646008c00470005c3b300ca
:1030f000854840000c06e8000480ea000fab97000a
:103100000003430086af9f005fb29700efb29700c5
:103110007fb397008fbb97000800be000a01be0076
:10312000f10707001faa9700afaa97003fab9700cf
:10313000cfab9700ec0607000002be000203be0002
:1031400007f0a20094af9f00a5af9f00b6af9f000d
:10315000c7af9f006022b80006002000470224008d
:103160005fb09700efb097007fb197008fb99700dd
:103170002e0707000002be000203be00d4b79f0066
:10318000e5b79f00f6b79f0087bf9f00dfaa9700b3
:103190008502e900d5af9f006f9b97000603e8000a
:1031a000e69f9f00bda79f00ef9b97001fb0970071
:1031b000808f530005003d00afa0970041009000b4
:1031c00065005000800f56008fff39009f9e9700ca
:1031d0004f9997000200e00007003a00dfa1970036
:1031e0000348a300040032000c004700e1c2b30012
:1031f000014878000c06e8000c0047000048eb008e
:1032000051c6b3006fca9700814f520036003a0092
:10321000af9a97008500e900010147000049eb00e3
:103220008001eb000d00e00002003d008d06ea0089
:103230001300200022002000810378008faa97004d
:10324000000478000b003700810378000703470073
:10325000a4002000050009008406d80001027800bf
:103260008006780000c3b300004b42000201e90071
:103270008502e9008700e9000d00e000f2ff3a0056
:103280000200e000f0ff3c0085af9f0008007800de
:1032900001024700b2c2b3000300e00001003200a7
:1032a000d2c2b300024a78000101e900820047005f
:1032b000af7997000302fb001404b10053c6b300ba
:1032c000f90f520001003e0053c4b3008348780058
:1032d0000faa97000482e90084af9f00820f560076
:1032e00001003d0008050700dfa29700638062002f
:1032f000e20f500015003a000fab97000600e00007
:10330000120034000e0078000605070006003700a2
:103310008fab970087004700808040000001470086
:10332000924878000000e900efa09700810f50005c
:10333000f7ff3d00010047000fa99700010320009f
:10334000750407000001eb00c2a79f000e00780083
:10335000f40407005fa29700cfa197000001780056
:103360008e0078003f989700d50107004f0778003e
:103370004f06be004f05be004f04be002f04b10033
:103380000000060010002000e48f460033fe3d00e0
:1033900090b79f0053c6b300e3cf9f0053fe3700a2
:1033a0000d00e00036fe350090b79f0046fe370066
:1033b0000200fa00889fbe008a9fbe008005780048
:1033c00001047800020078001801900028059000a0
:1033d00098007800b1bf9f00b80490000200e000a0
:1033e000020035000110a100b1bf9f00ea81570023
:1033f000820020008a0078003002be002003be0058
:10340000080078004b0007003fb99700f00061000a
:10341000040032000000e9008080440002c3b300d1
:10342000824878003fb99700e8006100040032004c
:103430000000e9008080440002c2b30082487800a6
:10344000480190000201e900000151008080440021
:103450003fba97008a0178000b00780098010700b6
:103460009b0090000188a3000400320098009000a7
:10347000810f500001003d00010078004f05be00a3
:103480004f04be000080fa0000000600ea874700f3
:10349000889fbe008a9fbe008e1f780000047800bf
:1034a000030078007287570084e2260055c7260083
:1034b000049fbe00c3962200030f78006c8757005c
:1034c000004feb0011059000a104900091057800d9
:1034d0000200e0000200320002077800010037001d
:1034e000728757000000e00002003a000e007800ea
:1034f0008c0407000a00e000030035008a0f50002a
:10350000010036000a0078000b027800890178007b
:10351000000178008e00780008007800680107003c
:103520004f0778004f05be004f04be00af00b1004a
:1035300000000600f4874700889fbe008a9fbe00f7
:103540008c9fbe008e1f78000605be000404be00de
:1035500081bf9f0082b79f00f3b79f00b00090002b
:10356000e1b79f001301780092b79f00900690008a
:10357000400090000000e900000678000d00e00027
:1035800001003d001d002000efb1970000804100c8
:103590000048eb001e0020001f0037000c06e90069
:1035a0000fb09700cf80de006109b900a0b79f007f
:1035b000b1b79f00c2b79f00d3b79f000203be0000
:1035c0000002be000800be000a01be001bfb07008f
:1035d00000077800efb097000c80400003c3b300f1
:1035e000034847008d06e9000fb897000000e90086
:1035f00080bf9f002fb29700bfb297004fb39700d4
:10360000dfb397000800be000a01be0004fb0700fc
:103610000205be000004be000c00e0000d003400f6
:10362000e00f5400e08f5c00e00f5d00e08f5d0074
:10363000daff3a000d00e000d8ff3c008fb8970099
:103640000100e000030034001fb197000218a3003e
:10365000d2ff3a000e00e00002003a00ffb19700ee
:103660001340a1000c0078004f0778004f06be0001
:103670004f05be004f04be004f01b1000000060020
:103680000200fa00889fbe008a9fbe0000057800f5
:10369000010478000200780018019000a80490004e
:1036a00098007800b1bf9f00b80590000200e000cc
:1036b000020035000110a100b1bf9f00ea81570050
:1036c000a2002000890078003002be002003be0066
:1036d0000800780097ff0700480190000201e90008
:1036e00000015100808045003fba970089017800b1
:1036f0000a007800f20007009a0090000188a300f9
:103700000400320098009000810f500001003d003d
:10371000010078004f05be004f04be000080fa0093
:1037200000000600fa874700889fbe008a9fbe00ff
:103730008c9fbe008e1f7800800478000104780002
:10374000820578001801900028059000180778007d
:10375000b80090000200e000020035000e10a10049
:10376000010037001200200070006700e0b79f00e2
:10377000090032003b02be002b03be00e00f5200e6
:10378000e08f5a00e00f5b00e08f5b000200320028
:103790008a86e900010037008a067800e80267009f
:1037a000f5b79f00010032008d06e9003b02be0024
:1037b0002b03be00e4af9f00f5af9f0086b79f00cc
:1037c00097b79f00480690000c06e9000c80400067
:1037d0000048eb00efb297007fb2970089037800b2
:1037e00081047800d8af9f00020478008bbf9f004f
:1037f0008a057800034578002b0037000c06e900a5
:103800006fab97006f006300e90f500002003c00af
:103810000003b000010037007005b0000a03fb0090
:103820001604b100f90f53000c003e0000037800ad
:103830000650a0001606b100f90f530007003e0025
:10384000b4b79f00a5b79f00c7b79f00de0307006e
:10385000cfb39700afb297003fb297000c834400fc
:10386000004b78000804e9008d06e9006fa8970076
:10387000ffa897000fb197009fb197004600200066
:103880008301d1000281d3008180d3000080d30066
:103890000603e900faff3a00e0af9f00f1af9f0096
:1038a00082b79f0093b79f00e10f56000f003400ce
:1038b0006fa89700ffa897000fb197009fb19700de
:1038c000e00f5000e08f5800e00f5900e08f5900e2
:1038d000caff3a000800e000c8ff3c000d00e0000d
:1038e000020034000e18a300c4ff3a0089007800db
:1038f000f4b79f00870478005fac97008a41780096
:103900000b0578008fbd97000500e0001200320023
:103910003b02be002b03be00e4af9f00f5af9f004b
:1039200086b79f0097b79f00e00f5200e08f5a00c4
:10393000e00f5b00e08f5b00070032000c06e9003f
:103940000c804000034878000c06e9000c80400021
:1039500002c3b30002487800ffb297000500e00000
:10396000040032000c06e9000c80400002c2b300e3
:1039700002487800480190000201e9000c01510062
:103980008c8040000e0278008a01780009007800df
:103990004b000700990090000188a300040032004a
:1039a00098009000810f500001003d000100780058
:1039b0004f0778004f06be004f05be004f04be0003
:1039c000af01b100000006000200fa00881f780075
:1039d00000047800e2bf9f0064815700080078006f
:1039e000f9010700980090000148a300010032008f
:1039f0000080eb004f0478000080fa000000060011
:103a0000889fbe000004780048009000820478007f
:103a1000808f54000100360080047800090178008e
:103a200058009000b50207005800900009004000bf
:103a300050049800c8009000898450004904980000
:103a40000048eb004f04be000000060010007800a4
:103a5000d5f53700900190000388a30001003200e3
:103a6000e7ff37000348a30001003a00f7ff070013
:103a700000000600889fbe00000478004800900007
:103a800082047800808f54000100360080047800a2
:103a90000901780058009000980207005800900033
:103aa0000900400050049800c8009000898450002c
:103ab000490498000048eb004f04be0000000600d7
:103ac000f2874700889fbe008a9fbe008c9fbe0081
:103ad0008e1f7800800478000105780002047800c9
:103ae000830578006107620002003a008b0f5400e2
:103af00008003900080178008a0078000900780081
:103b0000d4ff07008b0f54000200390088057800ad
:103b10001e003700088655000c017800f00f560093
:103b20000100360002012000010220007e805700c3
:103b3000790207008c06780005003700020120009a
:103b4000fe80570009007800c2ff0700f08656008b
:103b5000ef8f5600f9ff3e004461de0000ff2f00aa
:103b60008091b9000c014100fe80570009007800e7
:103b7000b8ff07000e00e00004003a0008017800da
:103b80008a00780009007800b2ff07000b00780077
:103b90004f0778004f06be004f05be004f04be0021
:103ba0002f01b10000000600000005000000050024
:103bb00000000500000178000040eb008080fb0061
:103bc00081804000231c2100818141001342780044
:103bd0000404e00004003a00301c21008100400091
:103be000114078000000060092017800934f5200c7
:103bf00005003a00301c210081004000114078008f
:103c00000309e800010037000040e800ea4f5000d7
:103c1000eaff360000000600f6874700889fbe00d6
:103c20008a9fbe008c9fbe008e1f78000005780022
:103c30000104780083057800040678000000eb009a
:103c4000c0b79f008080eb00d1b79f00e0b79f0016
:103c5000f2b79f000008200080bf9f009800780006
:103c6000010078008004eb00010037008904e800bf
:103c7000304178000204e0000300320053c2b30078
:103c8000834f5100f9ff3a000900e00004003200c0
:103c9000090178000a0078006eff0700188c4400c4
:103ca0001807780050c2b3009e4f10003f013a0041
:103cb0000e07e8000e0c780010003700cfb0970018
:103cc0000100a0000b003700cfb097000110a0004a
:103cd00008003700cfb097000120a0000500370092
:103ce000cfb097000130a00002003700cfb097009e
:103cf0000140a000c1b79f00000ce8001800780048
:103d000090407800b2c2b30082cf5000f1ff320081
:103d100007003c0002c2b30082cf5000f0ff320027
:103d200032c2b30082cf500007003a00efff3700e5
:103d3000d2c2b30082cf5000e0ff320002c3b30012
:103d400082cf5000e0ff3200a2c2b30082cf500009
:103d50000d003a00000ce8001c80e900000e78001d
:103d600010007800e0b79f000000e0000f003d0069
:103d7000cfb097000100a200c1b79f000000ea0089
:103d8000e0b79f000900370084010700e0b79f00fb
:103d900001003700000ce800180078009000fb00dc
:103da0000103b100e98f5000faff36004fb09700d1
:103db0000008a300020032000010a100c0b79f005d
:103dc00018007800e1c2b30090cf100016003a004e
:103dd0008000eb00d1b79f000000e800000c7800e5
:103de000a1c2b30090cf100006003a00000ce8001a
:103df0001c80e900000e780010007800d0b79f000a
:103e00000900370065010700d0b79f0001003700a7
:103e1000000ce800180078009000fb000103b100de
:103e2000e98f5000faff36000800780061ff0700b4
:103e300080467800180078001000fb005b02070045
:103e400091062000810f50003800320012003c0023
:103e500041062000810f5000340032000a003c006f
:103e600011062000810f5000200032003106200092
:103e7000810f5000a000320051022000810f50003d
:103e8000bc003a00b400370071062000810f5000da
:103e9000b8003c008800370001072000810f500067
:103ea0005c00320007003c00e1062000810f50005a
:103eb0007a003200f1062000810f5000ad003a0078
:103ec0003900370051072000810f500027003200d1
:103ed00081072000810f500042003200310720008e
:103ee000810f5000a3003a008f0037008d80fb0047
:103ef0000c01780000fe2f000f0040003d0207007b
:103f00000000e000a800320018007800000ce80073
:103f10009041780002fe2f000f014100f880570009
:103f20000a00780021ff07000e0037008d80fb009b
:103f30008c0178001200200000fe2f000f004000ce
:103f40004b0207000000e00097003200180ce80068
:103f500002fe2f000f014100f88057000a00780090
:103f6000e7f9070080844400900037008d80fb0053
:103f70008c0178000001eb0000fe2f000f004000d4
:103f80003b0207000000e00087003200180ce80048
:103f900002fe2f000f014100f88057000a00780050
:103fa000b7fd0700efff37008d80fb008c01780024
:103fb0000001eb0000fe2f000f0040002c02070064
:103fc0000000e00078003200180ce80002fe2f002c
:103fd0000f014100f88057000a007800f4fc070048
:103fe000e0ff37008d80fb008c0178000001eb00c2
:103ff00000fe2f000f0040001d0207000000e0003f
:104000006900320018007800000ce8009041780048
:104010001c0037008c0178000001eb00010f20002c
:1040200000fe2f000f004000110207000000e0001a
:104030005d003200180ce8000fb097009fb09700a9
:104040002fb19700bfb19700e00f5000e08f5800ec
:10405000e00f5900e08f590009003a00cfb59700f2
:104060006fb49700a01b2100ae0107000b0278007f
:104070008801780000017800a11b2100470037006b
:1040800083c7b30002fe2f000f014100f8805700e4
:104090000a007800a3fd0700b2ff37000b8144003f
:1040a0008d80fb008c01780000fe2f000f00400087
:1040b000430207003c0037008d80fb000c017800b4
:1040c00000fe2f000f004000ca0107000000e000c2
:1040d0003500320018007800000ce80090417800ac
:1040e00002fe2f000f014100f88057000a007800ff
:1040f000def907009bff370000c8b30080cf5600f1
:1041000029003a00180ce8001c80e900000e780035
:1041100010407800e0df9f0013002000e2fd2f0038
:104120000f0141000800370000c8b30080cf5600df
:104130001d003a00180ce8001c80e900000e780011
:104140008001eb0010017800f88057000a00780029
:10415000cefc070083ff370000c8b30080cf5600b5
:1041600011003a00180ce8004fb29700efb1970029
:10417000080037000e0c78000000eb00c0b79f006d
:10418000e0b79f000080eb00d0b79f000002eb007b
:104190008401780012002000011c21000a00780030
:1041a00047fe07006fff3700180ce8000900780091
:1041b0004f0778004f06be004f05be004f04be00fb
:1041c0006f01b100000006008200fa00889fbe0067
:1041d0008a1f78000005780082047800c13f9f00a4
:1041e0000004eb0010003700090278008801780015
:1041f000a2f72f000f01410081f72f008f804000b0
:104200000a00780084fe070008004000880f500074
:1042100004003d00b0042000209088000084eb00e2
:1042200004003700000478004f3897001004e000c5
:10423000edff3a00080078004f0578004f04be00fb
:104240000080fa0000000600889fbe000004be0047
:104250000000eb000800e000180032001800900099
:104260000058a3000d003200d800900068009000b4
:10427000808f500009003600b80990000001eb0063
:10428000820078000800780003000100d800900048
:104290000080eb000100e000080032000000eb00ad
:1042a000200c980060049800500498000900e00079
:1042b0000200320018007800b2f307004f04be007d
:1042c00000000600889fbe000004be000000eb0056
:1042d0000800e00025003200180090000058a300fc
:1042e00011003200d800900068009000808f5000cc
:1042f00009003600b80990000001eb008200780048
:104300000800780003000100d80090000080eb0056
:104310000100e000150032000000eb00200c9800c6
:104320006004980050049800780a900008109000eb
:10433000800f5200060031000002520011002000e0
:10434000cfa2de00612bb9001800780065000700dd
:104350000000eb0000149800700c98000900e000c9
:10436000020032001800780086f307004f04be00f8
:1043700000000600800078001000200002022000eb
:10438000828f500004003200e9805000e48f50001a
:10439000010036000000eb0000000600889fbe0010
:1043a0008a1f7800000578000a0478009844780095
:1043b0000805e8000900fb00eeff07000000e00030
:1043c000f9ff3a00b0c2b30080cf540005003200bc
:1043d000d0c2b3008000eb0080cf540005003a004b
:1043e000020037008000eb000100370011002000c0
:1043f0000804e8000000eb0003003700ea00b90001
:10440000020050000003b0003801fb0003fd2f0044
:1044100082814100e98f5100f8ff36000100e00081
:1044200001003a000000ea004f0578004f04be008a
:1044300000000600889fbe008a1f78008004780074
:104440000105780009007800b60007000004780034
:104450008a01780008017800110020000900780026
:104460000a000700800078000080eb00888f500071
:1044700001003a000000eb004f0578004f04be0039
:10448000000006001000780047f33700889fbe0048
:104490008a1f7800810478000204780089c5b90079
:1044a0000900e00001003a000004eb000a01780076
:1044b000800078000300780064fd07008000780029
:1044c0008a8f500003003200050009008980d8005f
:1044d00000047800080078004f0578004f04be0003
:1044e00000000600a0fd2f00f1ff2f00a50007002f
:1044f0004f89de008201780000000600800178000c
:1045000002003700b15978000201e9000200e00022
:10451000fcff3a0000000600889fbe008a9fbe0094
:10452000800478000200e0005b0032000140780067
:10453000814c780082814400f1f99f00e20f510024
:104540005500360091449800a1449800e1f99f007d
:10455000d1f99f00e60f51004f003600b14498009a
:10456000c1f99f00e80f51004b0036000905ea0031
:10457000630565000a8444000a055100c1ff2f004d
:10458000010565000080fb008000eb001210200098
:1045900013102000ce010700008cbe000a01440069
:1045a00060b99f0071b99f00e80f55003a003600ce
:1045b00020049800310498004004980051049800a9
:1045c00020b99f0031b99f0040b99f0051b99f00a9
:1045d000f80f550030003600600498007104980010
:1045e000000c9800110c9800200c9800310c9800d9
:1045f000400c9800510c980020b19f0031b19f00f1
:1046000040b19f0051b19f0060b19f0071b19f0008
:1046100000b99f0011b99f00640164007801410056
:1046200002044400020555006011b8000203be00f8
:104630000002be000403be006022b8000000720049
:1046400081807200020173008381730010003700c3
:10465000009cbe000294be004004980051049800e3
:104660006204980073049800000c9800110c9800e4
:10467000220c9800330c9800400c9800510c9800c4
:10468000620c9800730c98000a02b1000802b00096
:10469000ff0f5500eeff3e00090078004f05be00f9
:1046a0004f04be00000006000200fa0081017800fd
:1046b000e0ff9f00930090000188a30005003200f6
:1046c000d3009000805878000080fb00d101980052
:1046d0000a003700120020008f80e90003007800f4
:1046e000dafc0700800078000080eb000100e000a9
:1046f00002003200eff897000180fb000080fa0012
:1047000000000600e8ff3700881f780000047800ea
:1047100008007800e2000700080078004f047800e5
:104720000000060080007800040037003104e0003b
:1047300002003a000000510000000600010178006c
:104740000108a300f9ff3a008101780031017800e7
:10475000f4ef2f00020242000281ea00020162002f
:104760000408280004016100f7ff3200830078008c
:10477000010178003104e000fdff3a000000510023
:104780000000060002002f00f3ff2f00820f5000f0
:10479000838f5800040036000000ea002090880053
:1047a0000080eb008080eb0000000600f1fb2f0092
:1047b00080804000f98f500001003e000050a000b2
:1047c00000000600f9ff3700f1f92f00808040005b
:1047d000f98f500001003e00f005b2000000060015
:1047e000f9ff370000000600c1f70700fdff0700d2
:1047f000fcff3700881f78000004780000082000c4
:10480000808f50001700350010082000808f500066
:104810000b00340030082000808f500011003a0057
:104820009200780068805000000978003002be00d5
:104830002003be00049cbe000694be0007003700a3
:104840009202780064805200000978001000be00d7
:10485000bf000700009cbe000294be0010002000b4
:10486000010037000000eb004f0478000000060054
:1048700084082000848f50001d0032000d003c0091
:1048800014082000848f50002700320002003c00f2
:10489000040820000400370024082000848f500002
:1048a0003400320044082000848f500043003a0056
:1048b00036003700040a2000848f500027003200a1
:1048c00004003c0004092000848f50003b003a00a3
:1048d00028003700020c2000828f50002f00320089
:1048e000020f2000828f500034003a002b00370066
:1048f0009380e9000200e0000500320081097800a1
:104900001102fb00cfa2de00612bb90028003700a6
:1049100081097800114278000482fb008002eb00dc
:104920006033b8002200370013027800e400520020
:104930000200e00005003200810978001102be008b
:104940004fabde008603780019003700810978003c
:104950001102be006033b800150037009380e900f3
:104960008109780011027800cfa2de00612bb90026
:104970000f00370093027800e88052008109780028
:104980003102be002103be00090037009380e90018
:104990000200e00002003200f1ff37009380e900de
:1049a00081097800110278008002eb006033b800c2
:1049b0000498be000690be0010000500000005002f
:1049c00044082000848f50002500320008003c007d
:1049d00014082000848f50001400320024082000a6
:1049e000848f500024003200040820000c0037009f
:1049f00004092000848f50001f00320004003c0096
:104a000084082000848f500024003a000e003700f4
:104a1000040a2000848f500011003200040c200092
:104a2000848f50001d003a000d0037009380e9008c
:104a3000810978009100780001087800cf91de00ac
:104a40008288be00140037009380e9008109780055
:104a50009100780001087800824878000e00370045
:104a60009380e900810978009100780001087800be
:104a700082087800080037009380e90081097800f7
:104a800091007800010878006112b900612bb9002b
:104a90008498be008690be0010000500000005004e
:104aa0000101780080017800008268000408a300fa
:104ab000050032001300370032407800805978003a
:104ac0000004e00014003200030278000208a30092
:104ad000f9ff3a000300780001003700031878005e
:104ae00082007800b2017800f5ef2f008382420047
:104af0000382ea00048262000508280005026200c1
:104b0000f6ff320000027800314178000258780048
:104b10000204e000fbff3a000400780000000600f9
:104b200000c0da00000006008f1fd1008f020700ce
:104b30008f87e9000000e00000000600809feb0086
:104b40008a0207008f87e9000000e00000000600ed
:104b500081037800490007000001be006000b80032
:104b60000478a30013003a006220e10015003e0023
:104b70000d0039008301d1000281d3008180d30070
:104b80008301d1000281d3008180d3008301d10051
:104b90000281d3008180d3000538b000c42add0033
:104ba000f300b2008381720007f0a70003f0a000b9
:104bb0000000060083ff2700020020006110b900fa
:104bc000f9ff370003ff2700f7ff37001400fa0052
:104bd000889fbe008a9fbe008c9fbe000004be005e
:104be0000205be00680047000a90be000890be00a3
:104bf000990207000070a7000bf0a10030432000cd
:104c00009e02900080825200b0fe2f000028e1003a
:104c100011003d00b0fc2f000028e1001500340019
:104c20001e0990008e0890007e0090000501b000e3
:104c30000201d1008180d3000080d3008502e8000a
:104c4000fbff3a000b00e000be023b0060001000da
:104c5000e0801800bb023700f0ff2f00f1ff2700b3
:104c60000b00e000b7023b0001002800000020001c
:104c7000b40237006000b800b2023700c70ade0095
:104c8000f107b200f50fb20008003200e1cf420098
:104c9000020032000170a00024000500810f7000a6
:104ca000010032000408050044000500810f700077
:104cb00002003a00140005008502e90000004000ef
:104cc00081c04800fcff3b000170a00024000500eb
:104cd000020ab900001bb9000200b80081004200be
:104ce00081004300000006008c9fbe008a9fbe002a
:104cf000889fbe00ca0107000bf0a2000400370025
:104d00008c9fbe008a9fbe00889fbe00c401070022
:104d10000c48e1000b003a000c40e10002003200b8
:104d20008b010700400037008b066d003e0032000b
:104d30000af0a100f3012000f2ff2f006110b9007a
:104d4000390037000c40e100370032000940e10033
:104d5000010036007e0107008a856d00cf5dde0010
:104d60000b0575000006eb008804fd008904540063
:104d7000010032007d0107000a04e00011003a0042
:104d80000800e00028003200040040008580480050
:104d900006014900878149000358a300180032002a
:104da0008301d1000281d3008180d3000080d30031
:104db0000c86d30001003900610676000804e80083
:104dc0001800370004005000858058000601590083
:104dd00087815900060031000af0a2000c06ea00a3
:104de00060001800e080180060011900e0811900df
:104df00003003a000004eb000005eb000a00370056
:104e00000348a30007003a000c06460000004800d3
:104e10008180480002014900838149000804e900bb
:104e2000f7ff3700af013700c90137008c9fbe0084
:104e30008a9fbe00889fbe00790107000b056d00a8
:104e40000940e1000a003a000800e00002003200d8
:104e50000c40e10006003a000af0a1000c047800c2
:104e6000f3012000f2ff2f006110b9009d00370010
:104e70000c40e1009b0032000800e0009900320085
:104e80000c48e10002003a000004eb000300370088
:104e90000900e00004003a000c0478006000b8004b
:104ea0006011b8008f0037000348a30006003a00e5
:104eb00000004000818048000201490083814900d0
:104ec0000804e900f8ff37000748a30006003a008d
:104ed0000402420085824a0006034b0087834b0090
:104ee0008904e900f8ff3700fd3f20008d8454005d
:104ef000090454008a1f7800881f78000004780095
:104f00008104780002057800830578006000b8000d
:104f10006011b8000d0420000500370008044400ab
:104f200089844c000a054d008b854d000800310036
:104f30000404540085845c0006055d0087855d00df
:104f40008381d2008d06d300f4ff3b0007003700b9
:104f50000404440085844c0006054d0087854d00ff
:104f60008381d2008d06d300ecff3b00080444008f
:104f700089844c000a054d008b854d0008003100e6
:104f80000404540085845c0006055d0087855d008f
:104f90000281d2008d06d300f4ff3b0007003700ea
:104fa0000404440085844c0006054d0087854d00af
:104fb0000281d2008d06d300ecff3b0008044400c0
:104fc00089844c000a054d008b854d000800310096
:104fd0000404540085845c0006055d0087855d003f
:104fe0008180d2008d06d300f4ff3b00070037001c
:104ff0000404440085844c0006054d0087854d005f
:105000008180d2008d06d300ecff3b0008044400f1
:1050100089844c000a054d008b854d000800310045
:105020000404540085845c0006055d0087855d00ee
:105030000080d2008d06d300f4ff3b00070037004c
:105040000404440085844c0006054d0087854d000e
:105050000080d2008d06d300ecff3b000b00e00087
:1050600004003d000404440085844c0006054d0006
:1050700087854d000006eb008301d1000281d3003b
:105080008180d3000080d3000c86d3008301d1003f
:105090000281d3008180d3000080d3000c86d3002e
:1050a000890474008b0575008b8474000100320044
:1050b000610676004f0478004f0578000348a3008e
:1050c00007003a000c0646000000480081804800b6
:1050d00002014900838149000804e900f7ff370015
:1050e000000137001a0137008c9fbe008a9fbe0066
:1050f000889fbe00ca0007000b056d008a05780076
:105100000c40e10008003a000900e00082003a008b
:105110000af0a1000c047800f3012000f2ff2f0038
:105120006110b9007c0037000c48e10004003a002f
:10513000870007000900e00077003a00f4ff37001d
:105140000800e000740032000900e00002003a00ac
:105150007f00070070003700ed3f20008d84540071
:10516000090444008a1f7800881f7800871f780090
:10517000861f7800851f7800841f7800cb19dd001a
:10518000c515de008b8571004b11dd00450dde007d
:105190000a057100cb08dd00c504de0089847000bb
:1051a0004b04dd000440b8000546b8008c80400088
:1051b00060814e00044eb8008c8040000d01490013
:1051c0008001eb000318ad000456b8000c0141004b
:1051d0008d8149000002eb000420ad000646b800b6
:1051e0000c0141008d81490060024a00054eb80063
:1051f0000c0141008d81490060024a000556b8004b
:105200008c8141000d024a008002eb000528ad00b0
:105210000746b8008c8141000d024a00e0824a0036
:10522000064eb8008c8141000d024a00e0824a001f
:105230004f0678000c5eb8008c8141000d024a00d8
:10524000e0824a000656b8000c0242008d824a00f5
:105250000003eb000630ad00074eb8000c02420020
:105260008d824a0060034b004f0678000c5eb80048
:105270000c0242008d824a0060034b000756b800c2
:105280008c8242000d034b008003eb000738ad0019
:105290004f0678000c5eb8008c8242000d034b0074
:1052a000e0834b004f0678000c5eb8000c0343000f
:1052b0008d834b004f0478004f0578000748a3000a
:1052c0000a003a00000040008180480002014900c5
:1052d0008381490004024a0085824a0006034b008c
:1052e00087834b000804e900f4ff370003067800c9
:1052f00080807000828070000100320061067600bc
:1053000087017800060178008500780004007800a5
:1053100088047800780037008d0037008c0646003e
:1053200002003a000000a6000000060060004800ed
:10533000e080480060014900e08149000350a60078
:10534000000006008301d1000804e8000000060008
:105350000002fd008102fd000203fd008303fd0049
:105360008804fd008a05fd00000006007048e10089
:105370001a0039007d0320000d48e1000a003900c1
:1053800081057000830671008c8575008d85750020
:105390000006eb001cd8e700610676006000b8004c
:1053a0006011b800000006007048e1000b003900f1
:1053b0008c057800000678000100780082007800f3
:1053c000030178008001eb0013d8e7006106760046
:1053d000f0845400f4ff3a00000006006160e10030
:1053e0000c48ad00f08514008b06dd000966de0078
:1053f0000d0676008b0edd000900de000d0070004a
:105400008b16dd008908de008d8070008b1edd00ac
:105410000911de000d0171008919de00000006008f
:105420000d002800fc7f20000d856100441cde007b
:10543000ef8161000c046400010032000340a00011
:105440008d856300c43cde00ef8363008c846400c0
:10545000010032000740a0000c40e10006003a00c5
:10546000ef866100828676008186760080867600ef
:1054700001003200180037000c48e10007003a0034
:10548000ef866300868676008586760084867600c1
:1054900002003200aeff07000f0037000348a300f0
:1054a00005003a00810670008286760083867600c9
:1054b000010032000804e8000748a30005003a0094
:1054c00085067200868676008786760001003200a7
:1054d0008904e80000000600cf047800cf057800ba
:1054e0001b00370000027800810278000203780078
:1054f00083037800880478000cf0a70087ff07007a
:10550000fd7f20000d40e100040035000d0478000f
:105510006000b8006011b8000d0037000800e0001e
:105520000b003c000400780085007800060178003c
:1055300087017800e18414008cff07000cf0a700bd
:1055400076ff07000004eb000340a7000804e80012
:105550004444dd006fc56100880175004f04be0042
:105560004f05be004f06be0000000600889fbe002b
:105570008a9fbe008c9fbe000404be000605be00cc
:10558000809fbe00829fbe002100070004067800b5
:105590000800be000a01be001d0007008406780056
:1055a0004f03be004f02be008d4f76007fb09700c4
:1055b00013003300f0ff2f008b8f6b0006003b00c1
:1055c0000d0666000c00a7000a00370007f0a600d1
:1055d000100020000a003700880f5200898f5a00ff
:1055e0008a0f5b008b8f5b000300390010002000e6
:1055f00001003e000000200007f0a7000000ea00c4
:105600004f06be004f05be004f04be00000006005e
:1056100005ff270005826100070032000428e10031
:1056200001003200240005000600070001003a00d6
:10563000440005000408050002000700f9ff3a00d5
:10564000140005006f826100810270008502710004
:105650008502720000000600800078005002be0043
:105660005003be004439de00f700b200f37f200093
:1056700003016100090032000218e10016003a003f
:10568000850172008301730083817300000820008c
:1056900015003a0040002000130037008501720019
:1056a000830173008381730005003a0004a8be00e3
:1056b00006a8be00100020000b0037000201e90020
:1056c0000402420085824a0006034b0087834b0098
:1056d0000748a300f9ff32000740a00004a8be005d
:1056e00006a8be00200020008000980092009800cc
:1056f00000000600680447000294be000094be004b
:10570000fc0447008694be008494be000900780023
:10571000d1ff070008007800cfff0700990078004c
:10572000814f70000b003b000800be000a0007001c
:105730004f00b10003003700f3ff2700f2ff2f00f6
:105740006110b9004f06be004f05be004f04be00f9
:105750000080fa0000000600e48240001078a300f8
:1057600007003200640240001178a3003400be003c
:105770001401be00040032000330a7000000060040
:105780003500be001501be000330a0000000060079
:105790001800fa00889fbe008a9fbe008c1f780008
:1057a0000004be000205be000802be000a03be00df
:1057b000443ade00f07f2000000662002043200013
:1057c000800f560067003c006022b8006033b800cc
:1057d0000800be00d4fc07000000e00061003200b9
:1057e0000802be000a03be00b4b79f00c5b79f0001
:1057f000d6b79f00e7b79f00e00f5200e08f5a0036
:10580000e00f5b00e08f5b000b003d006022b80002
:1058100006002000073324000800be000a01be0075
:1058200031fd07006022b800060020000733240085
:1058300033fd07000a0037006022b8000600200090
:10584000073324000800be000a01be002cfd07003b
:105850006022b800060020000733240022fd070064
:105860000802be000a03be001ffd07000002be00c2
:105870000203be00f4b79f0085bf9f0096bf9f0044
:10588000a7bf9f00e03f2000800f560017003c009c
:105890007fb097008fb897001fb99700afb99700f6
:1058a000f0af9f0081b79f0092b79f00a3b79f0002
:1058b0006044b8006055b8003fb29700cfb297007f
:1058c0005fb39700efb39700e00f5200e08f5a00ec
:1058d000e00f5b00e08f5b0022003d006044b800f9
:1058e0000a0020000bff2b001e0037006022b800ca
:1058f0006033b8007fb097008fb897001fb997004a
:10590000afb997008dfc07000000e0000c003400e8
:105910007fb297008fba97001fbb9700afbb97006d
:105920000800be000a01be00f5fc07006022b800b6
:105930000600200007ff2300ebfc070007003700ec
:105940007fb297008fba97001fbb9700afbb97003d
:105950000800be000a01be00e9fc07000004be000a
:105960000205be000800be000a01be004f06780016
:105970004f05be004f04be000080fa000000060084
:020000040000fa
:105980000d0a000053430000414c00004520000078
:10599000434100004c430000554c000041540000be
:1059a000494f00004e5300000d0000005649000012
:1059b0004e5f000053430000414c0000455f000073
:1059c00058310000303000003a200000202500004f
:1059d0006c6c0000640d00000a000000564f0000cf
:1059e000555400005f530000434100004c45000047
:1059f0005f58000031300000303a000020250000e0
:105a00006c6c0000640d00000a00000056490000a4
:105a10004e2000004f4e000020200000746800005f
:105a200072650000736800006f6c00006420000065
:105a30002841000044430000293a000020200000d3
:105a4000256c0000750d00000a000000564900009a
:105a50004e2000004f460000462000007468000001
:105a600072650000736800006f6c00006420000025
:105a70002841000044430000293a00002020000093
:105a8000256c0000750d00000a0000005642000061
:105a9000554300004b200000524500004620000006
:105aa00020200000202000002020000020200000f6
:105ab0002841000044430000293a00002020000053
:105ac000256c0000750d00000a0d00000a000000a2
:105ad0000d0a0000564900004e2000002041000041
:105ae000444300003a20000025750000203d0000de
:105af0003e200000256c0000752000006d5600005f
:105b00000d0a0000005600004f5500005420000010
:105b100041440000433a00002025000075200000a9
:105b20003d3e0000202500006c750000206d000047
:105b3000560d00000a0d00000a0000005445000048
:105b40004d5000005b250000735d000020640000e4
:105b500075740000793d00002575000025250000c2
:105b600020200000544a00003d2500002e31000096
:105b700066200000430d00000a00000054450000ac
:105b80004d5000005b250000735d00003a200000ce
:105b9000737900006e630000696e0000672e0000dc
:105ba0002e2e00000d0a0000005400004f5000008f
:105bb000004200004f540000005600006f6c0000cf
:105bc0007461000067650000204d00006f640000f4
:105bd00065200000436f00006e740000726f0000cb
:105be0006c6c000065720000204900006e690000c6
:105bf00074690000616c0000697a0000656400004f
:105c00002e2e00002e0d000000540000696d0000d3
:105c10006572000020310000204900006e74000011
:105c2000657200007275000070740000204500006d
:105c30006e610000626c0000656400002e2e0000a2
:105c40002e0d000000410000444300002031000000
:105c5000204900006e74000065720000727500003b
:105c600070740000204500006e610000626c00004e
:105c7000656400002e2e00002e0d00000050000074
:105c8000574d000020470000656e0000657200005f
:105c9000617400006f720000204500006e6100001a
:105ca000626c0000656400002e2e00002e0d0000c6
:105cb00000540000696d0000657200002031000092
:105cc000204500006e610000626c00006564000009
:105cd0002e2e00002e0d0000004100006c6c000014
:105ce000204900006e7400006572000072750000ab
:105cf0007074000073200000456e000061620000b7
:105d00006c650000642e00002e2e00000d000000c7
:105d1000546f0000702000004f4300003a20000044
:105d2000256400000d0a0000005400006f700000a0
:105d300020460000617500006c7400003a200000ed
:105d4000256400000d0a0000004200006f7400008e
:105d5000746f00006d2000004f4300003a200000e7
:105d6000256400000d0a0000004200006f7400006e
:105d7000746f00006d20000046610000756c00002b
:105d8000743a000020250000640d00000a000000a5
:105d90005379000073740000656d00002049000015
:105da0006e69000074690000616c0000697a00008f
:105db000656400002e2e00002e0d00000000000083
:105dc0005c3d0000de3d0000863800007e380000ab
:105dd0008e3800009a380000a6380000b238000063
:105de0003c380000cc380000e638000010390000d4
:105df0002a3900005639000090390000c4390000eb
:105e0000e6390000fc390000123a0000283a000090
:105e10003e3a0000583a0000723a0000903a000002
:105e2000aa3a0000ea3a00006a3b00002a3b000060
:105e30000000000000000000000000000000000062
:105e400000000000000000002638000010380000ac
:105e5000303c00004a3c0000643c0000f03b000085
:105e6000063c0000463d00007e3c0000b03c0000c7
:105e7000e23c0000143d0000463e0000000000002f
:105e8000603e000000000000204300009643000038
:105e90003c43000000000000743f0000943f0000fd
:105ea000b43f0000d03f000000000000a44100000b
:105eb0009e42000014400000ec4000008c3e0000b8
:105ec000943e00009c3e0000a43e0000ac3e00005a
:105ed000b43e0000da3e00001c3f00003a3f0000e4
:105ee000423f00004a3f0000523f0000ec420000e9
:105ef0000443000044af0000b0430000d043000062
:105f0000e6430000044400001a4400002e44000050
:105f10004e4400007044000078440000000000007f
:105f20000000000080440000a6440000be440000c1
:105f3000304500004645000062450000f445000081
:105f4000d644000000000000000000000000000037
:105f5000000000000000000000000000444b0000b2
:105f6000724b0000a04b0000ac4b0000b84b00008f
:105f700000000000d04b0000f04b0000084c000077
:105f80001c4c0000244c0000524c0000804c0000cf
:105f90008c4c0000984c000000000000b04c000049
:105fa000d04c0000e84c0000fc4c0000044d000008
:105fb000324d0000604d00006c4d0000784d000037
:105fc00000000000904d0000b04d0000c84d0000e2
:105fd000dc4d0000e44d0000124e0000404e000079
:105fe0004c4e0000584e000000000000704e0000b3
:105ff000904e0000a84e0000bc4e0000824f0000f2
:10600000984f0000a84f0000b44f0000be4f0000a2
:106010006e4f0000784f0000ca4f0000e84f0000ac
:04602000000000007c
:020000040000fa
:106024000200fa00000f78001e007800e10f500013
:1060340003003a002be3a800000000000100370031
:10604400000000000080fa00000006000600fa00cc
:10605400200798002e0090008000eb006fec0700f2
:1060640002002000037024006ced0700008fbe00c6
:10607400d2cc2400233224001e00be0046ee0700ca
:10608400d2cc2c00031a24007fec07000080fa0015
:10609400000006000000fa00b0818000c181800089
:1060a40061004000e0804800b0818800c181880020
:1060b400808180000000e800808188008181800068
:1060c400301f2000808f5000190036003030ef0060
:1060d400d072800088800a00000000000004a20042
:1060e400614060000080fb00610060004800dd004a
:1060f400d17280000180a10001007000d07288007c
:10610400d0728000dd800a00000000000004a200bc
:10611400614060000080fb00610060004d00dd0014
:10612400d172800001d0a10001007000d0728800fb
:10613400708180000000e00003003200e10f500095
:106144001a0032003e0037002c30ef00e08080005f
:106154006101b8008080800091808000800f510030
:10616400818f590002003e003230ef003a003700c0
:1061740091818000f07c2000808f500003003e005d
:10618400908180000000e800908188009181800067
:10619400f07c2000808f50002c003600100020007e
:1061a400708188003430ef002b003700a08180001c
:1061b400e10f500004003e00a08180000000e800d0
:1061c400a0818800140037003430ef00c0808000c4
:1061d400d18080008000780060818000808f500032
:1061e4000d003600608180000000e80060818800b6
:1061f400c0808000d18080008000780060818000b1
:10620400808f500004003100c0808000d180800065
:106214000000780060818800e08080006101b8009f
:10622400a0808000b1808000800f5100818f5900d0
:10623400080031003230ef002e30ef000600370046
:106244002e30ef00000000000300370000000000c3
:1062540001003700000000000080fa000000060082
:106264000400fa00000f7800110798004ad0bf001c
:106274000040e8004af0b7004ad0bf000080fb00ad
:106284006f0060000000e0000b003a00d072800054
:10629400ff800a00000000000004a20061406000ca
:1062a4000080fb004f00dd00d172800001f0a100ee
:1062b40001007000d072880070608000e080880067
:1062c40060608000f08088000080fa000000060012
:1062d4000000fa00889fbe008a9fbe008c1f7800d1
:1062e40004002100a0f72100010020006011b80083
:1062f400009abe000292be0084002100503a2100a0
:10630400010020006011b800009abe000292be0095
:1063140040838000518380006011b800440620004f
:10632400050020006033b80025f007000203be001a
:106334000002be00000021005001be004000be006b
:106344000205be000004be004f5cde006055b800cc
:106354008004eb000000440081804c0002014d00e9
:1063640083814d008381d1000281d3008180d300d9
:106374000080d3000004420081844a0002054b00df
:1063840083854b00000021005001be004000be0088
:106394000203be000002be000800be000a01be00e7
:1063a400a9ef07000000be0080808800918088006b
:1063b40060838000718380006011b800440620006f
:1063c400050020006033b800fdef07000203be00a3
:1063d4000002be00000021005001be004000be00cb
:1063e4000205be000004be004f5cde006055b8002c
:1063f4008004eb000000440081804c0002014d0049
:1064040083814d008381d1000281d3008180d30038
:106414000080d3000004420081844a0002054b003e
:1064240083854b00000021005001be004000be00e7
:106434000203be000002be000800be000a01be0046
:1064440081ef07000000be00a0808800b1808800b2
:1064540080838000918380006011b800440620008e
:10646400050020006033b800d5ef07000203be002a
:106474000002be00800021005001be004000be00aa
:106484000205be000004be004f5cde006055b8008b
:106494008004eb000000440081804c0002014d00a8
:1064a40083814d008381d1000281d3008180d30098
:1064b4000080d3000004420081844a0002054b009e
:1064c40083854b00800021005001be004000be00c7
:1064d4000203be000002be000800be000a01be00a6
:1064e40059ef07000000be00c0808800d1808800fa
:1064f40000cc2a006df00700000021005001be000e
:106504004000be00809fbe00829fbe0060cd2a0076
:10651400801f780058f00700ea87570080002100a8
:106524005001be004000be00809fbe00829fbe009e
:10653400e0ce2a00801f78004ff00700ea8757005a
:106544008080800091808000809fbe0060d02a00ff
:10655400801f780048f00700e6875700a08080007d
:10656400b1808000809fbe0060d22a00801f780026
:1065740041f00700e6875700c0808000d18080008a
:10658400809fbe0060d42a00801f78003af0070084
:10659400e68757004f0678004f05be004f04be0043
:1065a4000080fa00000006001c00fa00889fbe006c
:1065b4008a9fbe00e080800000818800f080800017
:1065c40010818800008180006104b8006055b80023
:1065d400000021005001be004000be000203be00c6
:1065e4000002be000800be000a01be0074ef0700ee
:1065f40044062000050020006033b80012ef0700b5
:10660400009fbe000297be00108180006104b800a4
:106614006055b800800021005001be004000be005b
:106624000203be000002be000800be000a01be0054
:1066340063ef070044062000050020006033b80023
:1066440001ef07004007980051079800620798007f
:10665400730798001e00be002081880031818800e5
:106664004e009000de009000408188005181880037
:10667400b2818000c3818000020f9800130f98003c
:10668400b2818000c3818000220f9800330f9800ec
:106694000e0990009e0990002e089000be089000fc
:1066a400800f5100818f5900f1ff3a002e099000ac
:1066b400be099000420f9800530f9800308280006a
:1066c400418280004e099000de09900000015100d3
:1066d40081815900703e200001002000800f51008c
:1066e400818f5900170036004e099000de09900092
:1066f40032828800438288002081800031818000ba
:1067040002818000809fbe00821f780080d62a000c
:10671400801f7800d8ef0700e88757004081800089
:106724005181800012818000809fbe00821f78000a
:1067340030d82a00801f7800cfef0700e887570081
:1067440001003700000000004f05be004f04be00ea
:106754000080fa00000006000200fa000000eb00ce
:10676400000f7800e0012100f10f2000010160001a
:10677400a10a210091417800e0c1610002c17100c9
:1067840082487800c800de00b00a21001041780079
:10679400604161008140710001487800e0342000cc
:1067a400f10f200001016000a10b2100914178004c
:1067b400e0c1610002c1710082487800c800de00b7
:1067c400b00b2100104178006041610081407100ec
:1067d40001487800c0022100f10f2000010160008f
:1067e400a10c210091417800e0c1610002c1710057
:1067f40082487800c800de00b00c21001041780007
:10680400604161008140710001487800000f21005f
:106814009040780060c1600041cfb30081407100b6
:1068240001487800100f210090407800e0c060001b
:106834000104a00001487800200f21009040780056
:1068440060c1600081c2b3008140710001487800da
:10685400300f21009040780060c1600031c2b30065
:106864008140710001487800800a21001509070061
:10687400000f7800803e2000b90e07001e0078004b
:106884000080fa00000006000400fa002f0d070043
:106894000004a2000004e0000c0032000f0d070009
:1068a400008fbe00b08b8000c18b8000908b88006d
:1068b400a18b88001e01be00b28b8800c38b8800a8
:1068c400e017210011c0b30001487800130d070040
:1068d4000004e00004003200260d07000018210027
:1068e40011c0b300014878000080fa0000000600df
:1068f4000400fa00350c07000004a2000004e000c4
:1069040008003200150c0700008fbe001e01be00f7
:10691400d28b8800e38b8800f017210011c0b300ec
:10692400014878001d0c07000004e0000400320058
:10693400300c07000018210011c0b3000148780092
:106944000080fa00000006000400fa008f0c070023
:106954000004a2000004e0000c0032006f0c0700e9
:10696400008fbe00508c8000618c8000308c8800c9
:10697400418c88001e01be00528c8800638c880004
:106984002019210011c0b30001487800730c0700de
:106994000004e00004003200860c070040192100c6
:1069a40011c0b300014878000080fa00000006001e
:1069b4000400fa00950b07000004a2000004e000a4
:1069c40008003200750b0700008fbe001e01be00d8
:1069d400728c8800838c88003019210011c0b300a8
:1069e400014878007d0b07000004e0000400320039
:1069f400900b07004019210011c0b3000148780032
:106a04000080fa00000006003400fa00001f98001d
:106a1400111f98000e189000c0489000214798005c
:106a24000e18900050499000324798000e189000bc
:106a34001001be0022079800330798000e1890003a
:106a440020019000b001900042079800530798007d
:106a54000e18900040019000d00190006207980049
:106a6400730798002e4090000004e00003003200f9
:106a74000e1890008040eb00414898003e40900082
:106a84000004e000030032000e1890008040eb0088
:106a9400514898002e4090000004e000500032005d
:106aa4004e019000de0190002e009000be00900088
:106ab4000000510081805900000f9800110f9800c8
:106ac4000e0890009e089000e00f5000e08f5800e0
:106ad400430032006e019000fe0190002e009000f1
:106ae400be0090000000510081805900200f9800e2
:106af400310f98003e4090000004e000380032005e
:106b04002e099000be0990000e0890009e08900087
:106b1400800f5100818f590031003e002e089000f3
:106b2400be0890006011b800cf19dd004112de00ec
:106b3400830172004f11dd00410ade000201720080
:106b4400cf08dd004102de00810072004f00dd004d
:106b5400400f9800510f9800620f9800730f98002f
:106b64000e0890009e0890006011b8000203be0059
:106b74000002be004e089000de0890006e099000ee
:106b8400fe099000a5ed0700001798000e1890006c
:106b940080089000111798000e1190002217980099
:106ba4002e1090006101b8001e1090008000eb00d0
:106bb4000000510081805900301798004117980057
:106bc400be1090001e109000808040000e189000af
:106bd400010898000e18900011c0b30021509800cd
:106be4000e189000205090000004e0002c003200a9
:106bf4000e18900080099000030f78001e007800a2
:106c04000000e00002003d00f0ff2700000f7800c4
:106c14001e0078008000eb00420620008289b90043
:106c2400e002b9008401780003014100430620001a
:106c34000300b80001014100820078000200240032
:106c44000300200000004100818049004109dd006b
:106c54004f00de0000007100cf08de0050179800de
:106c64001e007800f9fc070060179800711798005f
:106c74006e109000fe109000809fbe00de11900008
:106c8400831f78001e1a9000841f7800e0d92a0020
:106c9400801f78006aee0700ea8757000600370075
:106ca4009e189000811f7800e0db2a00801f780086
:106cb40063ee0700e48757000080fa000000060036
:106cc4000c00fa00b2818000c3818000028fbe00f4
:106cd400b2818000c38180002207980033079800a6
:106ce4002e009000be0090001e01be00800f5100d7
:106cf400818f5900f3ff3a002e019000be019000ed
:106d04004207980053079800108280002182800077
:106d14004e019000de019000000151008181590074
:106d2400703e200001002000800f5100818f590027
:106d34000b0036004e019000de01900012828800a4
:106d44002382880051dd2a00201721002eff07002e
:106d540091dd2a00601821002bff07000100370095
:106d6400000000000080fa00000006000000fa00a5
:106d740057fd07005b0ea8005baea90076fe070076
:106d8400d0dd2a0049ee0700c00423008f0c070061
:106d940050e02a0045ee07002013230027060700d1
:106da40030e22a0041ee070001003700cb0b070058
:106db400e60b07000004a2000004e000fbff3a0019
:106dc40001003700e50a0700000b07000004a200d9
:106dd4000004e000fbff3a00010037004f0b0700fe
:106de4006a0b07000004a2000004e000fbff3a0065
:106df40001003700690a0700840a07000004a200a2
:106e04000004e000fbff3a0060442300a70b0700e6
:106e1400a0472300c50a0700604a2300330b07007c
:106e2400a04d2300510a0700100020007cfc07003d
:106e3400f0e32a001dee0700440c070090e52a0049
:106e44001aee0700d0e62a0018ee07000080fa00c8
:106e5400000006000c00fa0000718000aa800a00fd
:106e6400000000000080fb0000f0a7000000ea0022
:106e74000000ea004f00de00004078003af0b7005e
:106e8400c072800000800a00000000000080fb0047
:106e940000f0a7000000ea000000ea004f00de0056
:106ea400004078003bf0b70000718000dd800a00ec
:106eb400000000000080fb0000f0a7000000ea00d2
:106ec4000000ea004f00de00004078003cf0b7000c
:106ed40000718000cc800a00000000000080fb00ec
:106ee40000f0a7000000ea000000ea004f00de0006
:106ef400004078003df0b700b2818000c38180007b
:106f0400028fbe00b2818000c381800022079800f6
:106f1400330798002e009000be0090001e01be00b2
:106f2400800f5100818f5900f3ff3a002e01900029
:106f3400be0190004207980053079800f08180003a
:106f4400018280004e019000de019000000151009a
:106f540081815900703e200001002000800f510003
:106f6400818f5900210036004e019000de0190000f
:106f7400f2818800038288003bd0bf000080fb00c0
:106f8400801f780080e82a00801f7800aced07009d
:106f9400e48757003ad0bf000080fb00801f7800d0
:106fa40050e92a00801f7800a5ed0700e487570008
:106fb4003dd0bf000080fb00801f780050ea2a000b
:106fc400801f78009eed0700e48757003cd0bf0087
:106fd4000080fb00801f780050eb2a00801f78009f
:106fe40097ed0700e4875700010037000000000018
:106ff4000080fa00000006000000fa00230d0700dc
:1070040080ec2a00a9ed070058ff070066fd070081
:1070140090ff07002aff0700fcff37000200fa0078
:10702400000f78001e007800e10f500003003a00c2
:107034002be3a8000000000001003700000000005e
:107044000080fa00000006000200fa00000f780039
:107054001e007800e10f500003003a002be3a90062
:107064000000000001003700000000000080fa006a
:10707400000006000400fa00000f780011079800d1
:107084001e007800e10f500018003a001e00900026
:1070940000407800674060000080fb0067006000eb
:1070a4005219800081ff2f008100610001007000ef
:1070b400501988001e009000e20f500006003a00ac
:1070c40091198000f0fc2f00008060000040a000b7
:1070d400901988000600370091198000f0fc2f00f9
:1070e4000080600090198800010037000000000053
:1070f4000080fa00000006000000fa002be3a8005c
:107104000080fa00000006000000fa002be3a9004a
:107114000080fa00000006000200fa00000f780068
:107124009e007800511888000080fa0000000600d4
:107134000200fa00000f78009e00780041188800d1
:107144000080fa00000006000200fa00000f780038
:107154009e007800311888000080fa0000000600c4
:107164000400fa00000f7800110798001e00780050
:10717400e10f500004003a009e009000911a88002c
:107184000000000001003700000000000080fa0049
:10719400000006000400fa00000f780011079800b0
:1071a4001e007800e10f500004003a009e00900099
:1071b400711a880000000000010037000000000080
:1071c4000080fa00000006000400fa00000f7800b6
:1071d400110798001e007800e10f50000c003a00df
:1071e4001e00900000407800614060000080fb00b9
:1071f400610060004d00dd006119800001d0a10034
:1072040001007000601988000000000001003700d0
:10721400000000000080fa00000006000400fa00ec
:10722400000f7800110798001e007800e10f50004d
:1072340004003a009e009000611a880000000000db
:1072440001003700000000000080fa000000060082
:107254000400fa00000f7800110798001e0078005f
:10726400e10f50000d003a001e009000004078002d
:10727400634060000080fb00630060004a00dd00a2
:1072840082198000f13f2f0081006100010070002d
:107294008019880000000000010037000000000091
:1072a4000080fa00000006000400fa00000f7800d5
:1072b400214798001e007800e10f500014003a00a6
:1072c40080198000ba800a0000000000e1406000dc
:1072d4002e4090000080fb00000040000040780039
:1072e40000c07000634060000080fb006300600029
:1072f4004a00dd0082198000f13f2f008100610007
:1073040001007000801988000000000001003700af
:10731400000000000080fa00000006000400fa00eb
:10732400000f7800214798001e007800e10f5000fc
:1073340011003a0080198000ba800a0000000000a1
:10734400e24060002e40900000c070006340600086
:107354000080fb00630060004a00dd0082198000a9
:10736400f13f2f0081006100010070008019880046
:107374000000000001003700000000000080fa0057
:10738400000006000400fa00100798000000eb005b
:10739400000f78001e009000e10f500006003a0034
:1073a40080198000ba800a00000000000080fb0001
:1073b400000f780001003700000000001e00780074
:1073c4000080fa00000006000200fa00000f7800b6
:1073d4001e007800e10f500003003a0031a3a8001a
:1073e4000000000001003700000000000080fa00e7
:1073f400000006000200fa00000f78001e0078006a
:10740400e10f500003003a003183a800000000009f
:1074140001003700000000000080fa0000000600b0
:107424000200fa00000f78001e007800e10f5000ff
:1074340003003a0031a3a900000000000100370056
:10744400000000000080fa00000006000200fa00bc
:10745400000f78001e007800e10f500003003a008e
:107464003183a90000000000010037000000000083
:107474000080fa00000006000400fa00000f780003
:10748400110798001e007800e10f500004003a0034
:107494009e009000d11a880000000000010037000f
:1074a400000000000080fa00000006000400fa005a
:1074b400000f7800110798001e007800e10f5000bb
:1074c40004003a009e009000e11a880000000000c9
:1074d40001003700000000000080fa0000000600f0
:1074e4000400fa00000f7800110798001e007800cd
:1074f400e10f500006003a009e009000d11a880067
:107504009e009000e11a880000000000010037008e
:10751400000000000080fa00000006000400fa00e9
:10752400000f7800110798001e007800e10f50004a
:1075340004003a009e009000a11a88000000000098
:1075440001003700000000000080fa00000006007f
:107554000400fa00000f7800110798001e0078005c
:10756400e10f500017003a001e009000e20f500097
:107574000c003200e20f500003003e00e10f500007
:10758400060032000d003700e30f50000700320000
:10759400e40f5000070032000800370037e3a8006a
:1075a4000600370037c3a8000400370037a3a8003b
:1075b400020037003783a80000000000000000002c
:1075c40001003700000000000080fa0000000600ff
:1075d4000400fa00000f7800110798001e007800dc
:1075e400e10f500017003a001e009000e20f500017
:1075f4000c003200e20f500003003e00e10f500087
:10760400060032000d003700e30f5000070032007f
:10761400e40f5000070032000800370037e3a900e8
:107624000600370037c3a9000400370037a3a900b8
:10763400020037003783a9000000000000000000aa
:1076440001003700000000000080fa00000006007e
:107654000400fa00000f7800110798001e0078005b
:10766400e10f500017003a001e009000e20f500096
:107674000c003200e20f500003003e00e10f500006
:10768400060032000d003700e30f500007003200ff
:10769400e40f500007003200080037002fc3a90090
:1076a400060037002fa3a900040037002f83a90088
:1076b400020037002fe3a9000000000000000000d2
:1076c40001003700000000000080fa0000000600fe
:1076d4000600fa0010079800210798000040eb000c
:1076e400004f78001e009000e10f500037003a0070
:1076f4002e009000e20f500014003200e20f500000
:1077040003003e00e10f5000060032002d00370058
:10771400e30f500017003200e40f50001f00320046
:107724002800370070198000ee800a000000000075
:107734000080fb0000f0a7000000ea000000ea005f
:107744004f00de00004f78001f00370070198000e2
:10775400dd800a00000000000080fb0000f0a700ac
:107764000000ea000000ea004f00de00004f78004d
:107774001500370070198000cc800a00000000005a
:107784000080fb0000f0a7000000ea000000ea000f
:107794004f00de00004f78000b00370070198000a6
:1077a400ff800a00000000000080fb0000f0a7003a
:1077b4000000ea000000ea004f00de00004f7800fd
:1077c4000100370000000000010037000000000045
:1077d4001e4078000080fa00000006000200fa0053
:1077e400000f78001e007800e10f500003003a00fb
:1077f4002e63a80000000000010037000000000014
:107804000080fa00000006000400fa001007980047
:107814000040eb00004f78001e009000e10f500084
:107824000a003a007019800044800a000000000039
:107834000080fb0000f0a7000000ea000000ea005e
:107844004f00de00004f7800010037000000000008
:107854001e4078000080fa00000006000400fa00d0
:10786400000f7800110798001e007800e10f500007
:1078740004003a009e009000a11a88000000000055
:1078840001003700000000000080fa00000006003c
:107894000400fa00000f7800110798001e00780019
:1078a400e10f500004003a009e009000b11a8800d5
:1078b4000000000001003700000000000080fa0012
:1078c400000006000400fa00000f78001107980079
:1078d4001e007800e10f500004003a009e00900062
:1078e400c11a8800000000000100370000000000f9
:1078f4000080fa00000006000400fa00000f78007f
:10790400110798001e007800e10f500010003a00a3
:107914001e009000e20f500006003200e30f5000fa
:1079240006003200e10f500006003a003503a800bb
:10793400050037003523a800030037003543a800ad
:1079440001003700000000000000000001003700c3
:10795400000000000080fa00000006000400fa00a5
:10796400000f7800110798001e007800e10f500006
:1079740010003a001e009000e20f50000600320092
:10798400e30f500006003200e10f500006003a00f9
:107994003503a900050037003523a900030037008b
:1079a4003543a9000100370000000000000000007a
:1079b40001003700000000000080fa00000006000b
:1079c4000400fa00000f7800110798001e007800e8
:1079d400e10f500010003a001e009000e20f50002a
:1079e40006003200e30f500006003200e10f5000a1
:1079f40006003a0036a3a8000500370036c3a800e5
:107a04000300370036e3a80001003700000000003f
:107a14000000000001003700000000000080fa00b0
:107a2400000006000400fa00000f78001107980017
:107a34001e007800e10f500010003a001e00900074
:107a4400e20f500006003200e30f5000060032003f
:107a5400e10f500006003a0036a3a90005003700e4
:107a640036c3a9000300370036e3a900010037003c
:107a740000000000000000000100370000000000ca
:107a84000080fa00000006000200fa00000f7800ef
:107a94001e007800e10f500003003a0038e3a8000c
:107aa4000000000001003700000000000080fa0020
:107ab400000006000000fa00800020005019880031
:107ac4005e23ef003e23ef003c23ef000010200074
:107ad40060198800803e2000701a88005023ef004f
:107ae40090012000e01a880090012000d01a88003c
:107af40000022000b019880080102000a01988001e
:107b04004223ef004023ef003a23ef003823ef0035
:107b1400c0002000901988000020200080198800ef
:107b24004a23ef004823ef00f07c2000901a8800dd
:107b34004c23ef004623ef004423ef002e23ef00f5
:107b44005423ef005623ef005823ef001023ef00d7
:107b54000e23ef000223ef000423ef000c23ef00b9
:107b64001223ef001423ef001623ef001823ef0075
:107b74001a23ef001c23ef000823ef00e00320008a
:107b8400501888000623ef00100320000018880016
:107b94001e23ef002023ef002223ef002423ef0015
:107ba4002623ef002823ef0080e52300360007009a
:107bb4000080fa00000006000000fa0052fd0700f1
:107bc4002a23ef005e23ef003e23ef003c23ef0067
:107bd4002c23ef004e23ef005023ef005c23ef0033
:107be4005a23ef003623ef003423ef004223ef0043
:107bf4004023ef003a23ef003823ef003223ef0055
:107c04003023ef004a23ef004823ef005223ef0014
:107c14004c23ef004623ef004423ef002e23ef0014
:107c24005423ef005623ef005823ef001023ef00f6
:107c34000e23ef000223ef000423ef000c23ef00d8
:107c44001223ef001423ef001623ef001823ef0094
:107c54001a23ef001c23ef000823ef000a23ef0090
:107c64000623ef000023ef001e23ef002023ef0084
:107c74002223ef002423ef002623ef002823ef0024
:107c84000080fa00000006000200fa00000f7800ed
:107c94001e0078000000e000020032009e00780020
:107ca400f18488000080fa00000006000200fa0057
:107cb400000f78000080fa00000006000200fa00bd
:107cc400000f78001e007800e10f50000c003a000d
:107cd40040408000680060000000e0000a003200bc
:107ce400f08480000000e00003003200f184800092
:107cf4001e007800010001000868a9000300370095
:107d04000000000001003700000000000080fa00bd
:107d1400000006000000fa0001eba8000080fa0051
:107d2400000006000000fa0001eba9000080fa0040
:107d3400000006000000fa0008cba8000080fa004a
:107d4400000006000000fa0008cba9000080fa0039
:107d5400000006000200fa00000f78000080fa001c
:107d6400000006000400fa00100798000000eb0071
:107d7400000f78001e0090000000e00003003200b5
:107d8400e10f5000040032000600370061608000fb
:107d9400010f78000300370071608000010f780044
:107da400000000001e0078000080fa0000000600b9
:107db4000400fa00100798000040eb00004f780020
:107dc4001e0090000000e00003003200e10f5000ac
:107dd4000b003200140037008059800000800a0034
:107de400000000000080fb0000f0a7000000ea0093
:107df4000000ea004f00de00004f78000a00370060
:107e04008059800011800a00000000000080fb00ff
:107e140000f0a7000000ea000000ea004f00de00c6
:107e2400004f7800000000001e4078000080fa0037
:107e3400000006000200fa00000f78001e0078001f
:107e440000407800634060000080fb006300600035
:107e54004500dd0012588000f1f92f008100610017
:107e640001007000105888000080fa00000006002d
:107e74000000fa002b48a8000080fa000000060069
:107e84000000fa002b48a9000080fa000000060058
:107e94000000fa000b48a9000080fa000000060068
:107ea4000200fa00000f78001e00780000407800fd
:107eb4006740600067406000674060000080fb002e
:107ec400670060004800dd0062438000f18f2f00ee
:107ed4008100610001007000604388000080fa00a6
:107ee400000006000200fa00000f78001e0078006f
:107ef4000000e00003003200e10f500004003200f3
:107f0400060037002b68a800200ba80003003700e8
:107f14002b88a800202ba800000000000080fa0095
:107f2400000006000200fa00000f78001e0078002e
:107f34000000e00003003200e10f500004003200b2
:107f4400060037002b68a900200ba90003003700a6
:107f54002b88a900202ba900000000000080fa0053
:107f6400000006000200fa00000f78001e007800ee
:107f74000000e00003003200e10f50000300320073
:107f8400040037000b68a900020037000b88a90021
:107f9400000000000080fa00000006000400fa005f
:107fa400000f7800110798001e0078000000e00020
:107fb40003003200e10f50000d00320017003700bb
:107fc4001e00900000407800674060000080fb00c5
:107fd400670060004c00dd0062438000f1ff280070
:107fe4008100610001007000604388000b003700cd
:107ff4001e00900000407800674060000080fb0095
:10800400670060007243800081ff2f0081006100df
:108014000100700070438800000000000080fa0036
:10802400000006000000fa00002bef00000620000c
:1080340010588800042bef00c0032000305888003b
:10804400082bef000070280050588800102bef0018
:10805400122bef00142bef001000200000598800b1
:10806400222bef00302bef00322bef00382bef00e8
:10807400402bef00482bef00502bef003a2bef0082
:10808400422bef004a2bef00522bef003c2bef006a
:10809400442bef004c2bef00542bef003e2bef0052
:1080a400462bef004e2bef00562bef00682bef0012
:1080b4006c2bef00702bef00742bef0000402000be
:1080c400505b880000402000705b88000040200066
:1080d400905b880000402000b05b8800a02bef007c
:1080e400a42bef00a82bef00ac2bef00d02bef005c
:1080f400d22bef00f02bef00f22bef00f82bef0068
:10810400fa2bef00022cef000c2cef000e2cef00ea
:10811400102cef00122cef00142cef00162cef00a3
:10812400182cef001a2cef001c2cef001e2cef0073
:10813400202cef00222cef00242cef00262cef0043
:10814400282cef002a2cef002c2cef002e2cef0013
:10815400302cef00322cef00342cef00e02f240001
:108164001c0107002033240034010700803a240056
:108174006d0107000b48a9002b48a8000b68a90053
:108184002b68a8001160800000f02000010070003e
:108194001060880001eba8006a000700405020002e
:1081a400005c8800822bef00842bef00862bef000d
:1081b400882bef008a2bef008c2bef008e2bef0027
:1081c400902bef00922bef00942bef000080fa002d
:1081d400000006000200fa0001eba90061608000c3
:1081e400010f78000b68a9002b68a9000b48a900af
:1081f4002b48a900002bef0000062000105888002f
:10820400042bef00062bef00082bef000a2bef00e6
:10821400102bef00122bef00142bef00202bef009c
:10822400222bef00302bef00322bef00382bef0026
:10823400402bef00482bef00502bef003a2bef00c0
:10824400422bef004a2bef00522bef003c2bef00a8
:10825400442bef004c2bef00542bef003e2bef0090
:10826400462bef004e2bef00562bef00682bef0050
:108274006c2bef00702bef00742bef006a2bef00d8
:108284006e2bef00722bef00762bef00802bef00ac
:10829400822bef00842bef00862bef00882bef005e
:1082a4008a2bef008c2bef008e2bef00902bef002e
:1082b400922bef00942bef00a02bef00a42bef00e8
:1082c400a82bef00ac2bef00d02bef00d22bef004c
:1082d400f02bef00f22bef00f82bef00fa2bef005e
:1082e400002cef00022cef000c2cef000e2cef0002
:1082f400102cef00122cef00142cef00162cef00c2
:10830400182cef001a2cef001c2cef001e2cef0091
:10831400202cef00222cef00242cef00262cef0061
:10832400282cef002a2cef002c2cef002e2cef0031
:10833400302cef00322cef00342cef000080fa00d8
:10834400000006000000fa0000eca8000000000095
:108354000160800000002800008060000000e00050
:10836400fbff32000aeba8000080fa0000000600c0
:108374000600fa0010079800210798000000eb009f
:10838400000f78001e009000e30f5000220032001e
:10839400e30f500005003e00e10f500012003200d0
:1083a400e10f500016003e0009003700e50f5000b1
:1083b4002b003200e50f50001d003900e60f50007d
:1083c40033003200e70f50003d0032005700370001
:1083d4002e009000e20f500045003a00b00120004a
:1083e400000f7800510037002e009000e20f50007b
:1083f40041003a00a0012000000f78004b00370034
:108404002e009000e20f50003d003a009001200041
:10841400000f7800450037002e009000e20f500056
:1084240039003a0080012000000f78003f00370037
:108434002e009000e10f500003003a00a00020003d
:10844400000f7800390037002e009000e20f500032
:108454002f003a00b0002000000f780033003700ee
:108464002e009000e10f500003003a00800020002d
:10847400000f78002d0037002e009000e20f50000e
:1084840025003a0090002000000f780027003700f4
:108494002e009000e10f500003003a00600020001d
:1084a400000f7800210037002e009000e20f5000ea
:1084b4001b003a0070002000000f78001b003700fa
:1084c4002e009000e10f500003003a00400020000d
:1084d400000f7800150037002e009000e20f5000c6
:1084e40011003a0050002000000f78000f00370000
:1084f400000000000d003700000000000b003700f2
:1085040000000000090037000000000007003700e9
:1085140000000000050037000000000003003700e1
:108524000000000001003700000000001e00780079
:108534000080fa00000006000800fa001007980006
:108544002107980032079800be0090002e0090008a
:1085540087ff0700000f78001e0090000000e00075
:1085640003003200e10f50000c0032001700370006
:108574001e007800004078007f4060000080fb000f
:108584007f006000025c800001fe2f00810061001a
:1085940001007000005c88000c0037001e007800a9
:1085a400004078007f4060000080fb007f00600096
:1085b4004800dd00025c8000f10f2e0081006100a4
:1085c40001007000005c8800000000000080fa00d8
:1085d400000006000200fa00000f78001e00780078
:1085e4000000e000020032009e0078004184880010
:1085f4000080fa00000006000000fa000080fa0083
:10860400000006000000fa005140800000402000f5
:10861400008060000000e00006003200408480001a
:108624000000e000020032004084800000000100ed
:108634000b48a9000080fa00000006000200fa00be
:10864400000f78001e0078000000e00002003200f5
:108654009e007800518488000080fa000000060023
:108664000400fa00000f7800110798000080fa0057
:10867400000006000400fa00100798001e00900095
:108684000000e00003003200e10f50000f00320050
:108694002300370080598000610060000000e00082
:1086a4001800320061608000010f7800508480005f
:1086b4000000e00015003200528480009e00780023
:1086c4001e00900002000100150037008059800050
:1086d400620060000000e0000e0032007160800063
:1086e400010f7800508480000000e0000b0032008d
:1086f400528480009e0078001e0090000200010059
:1087040007003700000000000500370000000000eb
:1087140003003700000000000100370000000000e3
:108724000080fa00000006000200fa00000f780042
:108734001e0078000000e000020032009e00780075
:10874400618488000080fa00000006000200fa003c
:10875400000f78000080fa00000006000000fa0014
:108764003822ef0000c02000d0118800000820004b
:10877400e0118800e0022000f0118800900220003f
:10878400001288004222ef0039e2a80038a2a800b3
:108794003882a8000080fa00000006000000fa00f9
:1087a4003822ef003a22ef0000082000e011880090
:1087b400e0022000f01188004022ef004222ef0086
:1087c4000080fa00000006000000fa00000000002b
:1087d400f0118000620060000000e000fcff3a003d
:1087e400e0118000620060000000e000010032003f
:1087f4003c22a90020128000004078000080fa008a
:10880400000006000200fa00004f7800000000009b
:10881400f0118000700060000000e000fcff3a00ee
:108824001e80fb00401288000080fa000000060051
:108834000000fa00f01180006200600000f0a70060
:108844000000ea000000e9004f00de00004078006c
:108854000080fa00000006000000fa00f011800019
:10886400700060000000e00007003a00c1118000c1
:1088740000022000008060000000e00002003200de
:1088840010002000010037000000eb0000407800d9
:108894000080fa00000006000000fa00e1118000e8
:1088a40000082000008060000000e00007003200a3
:1088b400f111800000022000008060000000e00050
:1088c4000200320010002000010037000000eb001d
:1088d400004078000080fa00000006000000fa0062
:1088e40038a2a8000080fa00000006000000fa0088
:1088f40038a2a9000080fa00000006000200fa0075
:10890400004f78005cc2a9001e80fb00610060007b
:108914004200dd00e11280000120a100010070008e
:10892400e01288001e80fb00610060004600dd004c
:10893400c11180000160a10001007000c011880015
:108944000080fa00000006000000fa00c011800058
:1089540066800a00000000000080fb0000f0a70011
:108964000000ea000000ea004f00de00004078004a
:108974000080fa00000006000000fa00e012800007
:1089840022800a00000000000080fb0000f0a70025
:108994000000ea000000ea004f00de00004078001a
:1089a4000080fa00000006000000fa00a430ef0086
:1089b400e0118000680060000000e0000300320065
:1089c400208580000000a00020858800e11180003f
:1089d40000042000008060000000e000030032007a
:1089e400208580000010a00020858800e011800010
:1089f400620060000000e000040032002085800076
:108a04000020a000208588003c22a900e0118000fd
:108a1400610060000000e000040032002085800056
:108a24000030a000208588003c02a900e1118000ec
:108a340000022000008060000000e000040032001a
:108a4400208580000040a000208588003ca2a90069
:108a5400208580000080fa00000006000400fa006f
:108a6400008fbe001e007800001288001e00be00a9
:108a74004008de00000078006f00600010128800db
:108a84000080fa00000006000400fa0010128000c2
:108a94008000eb00008fbe001e00be00c001dd00a0
:108aa40002002000001280008000eb00001f710013
:108ab400019771001e00be000080fa00000006004d
:108ac4000800fa0020079800310798002e01900052
:108ad400be019000b00a200001002000800f510068
:108ae400818f59000e0036002e009000be009000c9
:108af400e00f5000e08f5800090032003b62a800ec
:108b040038e2a9002e019000be0190000050290017
:108b1400a1ab2000c3e10700008fbe00280037008e
:108b24002e019000be019000a00220000100200050
:108b3400800f5100818f5900110036003b62a9005b
:108b440038e2a8002e019000be0190004218dd001a
:108b5400ce10de00810070004210dd000001be0076
:108b640000502900a1ab2000aee107000081eb001a
:108b74008081eb00021f400003974800100037007b
:108b84003b62a90038e2a9002e019000be019000ca
:108b94004418dd00cc10de00810070004410dd00bc
:108ba4000001be0000502900a1ab20009de1070098
:108bb4000081eb008081eb00021f40000397480016
:108bc4001e007800001288001e00be004008de006f
:108bd400000078006f006000101288000080fa0026
:108be400000006000800fa00a7ff0700200798000d
:108bf40031079800d11180000080200000806000bf
:108c04000000e0000c0032002e009000be00900036
:108c1400e00f5000e08f5800070032002e01900052
:108c2400be01900000502900a1ab20007de10700a7
:108c3400008fbe0020003700c11180000008200012
:108c4400008060000000e0000e0032002e00900062
:108c5400be00900061014000e08148004218dd0040
:108c6400ce10de00810070004210dd000001be0065
:108c740000502900a1ab20006ae10700008fbe006c
:108c84000d0037002e009000be00900061014000ee
:108c9400e08148004418dd00cc10de008100700043
:108ca4004410dd000001be0000502900a1ab2000eb
:108cb4005ce10700008fbe001e00be000080fa00c9
:108cc400000006000400fa00100798000000eb0002
:108cd400000f78001e009000f0400a001000000011
:108ce4001e009000c1042100f20f200002816000e8
:108cf400c0619000e0c1610002c17100426098004f
:108d0400c808de005061900060416100814071003c
:108d1400516098001e00900081052100f20f200090
:108d240002816000e0619000e0c1610002c1710055
:108d340062609800c808de007061900060416100c4
:108d440081407100716098001e00900021ff27008f
:108d5400f20f20000281600080699000e0c1610090
:108d640002c1710002689800c808de001069900012
:108d74006041610081407100116898001e009000fc
:108d840081ff2700f20f200002816000a06990009b
:108d9400e0c1610002c1710022689800c808de00c9
:108da4003069900060416100814071003168980031
:108db400f18380001e009000f20f20000281600009
:108dc400e0719000e0c1610002c17100627098001e
:108dd400c808de007071900060416100814071003c
:108de40071709800918480001e009000f20f2000a2
:108df4000281600080799000e0c1610002c17100cd
:108e040002789800c808de00107990006041610083
:108e14008140710011789800a18480001e009000a8
:108e2400f20f200002816000a0799000e0c161008f
:108e340002c1710022789800c808de0030799000e1
:108e4400604161008140710031789800e1838000c5
:108e54001e009000f20f200002816000c07190009b
:108e6400e0c1610002c1710042709800c808de00d0
:108e74005071900060416100814071005170980010
:108e8400a18380001e009000f20f20000281600088
:108e9400c0699000e0c1610002c17100426898009d
:108ea400c808de0050699000604161008140710093
:108eb40051689800b18380001e009000f20f2000da
:108ec40002816000e0699000e0c1610002c17100ac
:108ed40062689800c808de00706990006041610013
:108ee4008140710071689800c18380001e00900069
:108ef400f20f20000281600080719000e0c16100e7
:108f040002c1710002709800c808de001071900060
:108f1400604161008140710011709800d18380002c
:108f24001e009000f20f200002816000a0719000ea
:108f3400e0c1610002c1710022709800c808de001f
:108f4400307190006041610081407100317098007f
:108f54000000eb00000f78000d0037001e017800c0
:108f64001e007800c200dd00801d2100008040004a
:108f74001000be00c211dd00c204210002814100c4
:108f84000089be001e0078000000e800000f780091
:108f94001e009000c06890008180fb005068900023
:108fa4000080fb004800dd00008070008000780035
:108fb4001e007800808f5000e8ff3e000000eb00a8
:108fc400000f78000e0037001e0178001e007800a4
:108fd400c200dd00401e2100008040001000be00e1
:108fe40063014100c211dd00c2042100028141007d
:108ff4000089be001e0078000000e800000f780021
:109004001e009000e06890008180fb007068900072
:109014000080fb004800dd000080700080007800c4
:109024001e007800808f5000e7ff3e00800a210078
:1090340027040700100020000080fa00000006004a
:109044000400fa00100798000040eb00004f78007d
:109054001e0090000000e00002003d0010c0b300bc
:10906400004f78001e4078000080fa0000000600df
:109074000400fa00100798000040eb00004f78004d
:109084009e00900000002400008060000000e000ca
:109094000200320010c0b300004f78001e40780078
:1090a4000080fa00000006000400fa00100798008f
:1090b4000040eb00004f78009e009000002020004c
:1090c400008060000000e0000200320010c0b30025
:1090d400004f78001e4078000080fa00000006006f
:1090e4000400fa00100798000040eb00004f7800dd
:1090f4009e00900000082000008060000000e00056
:109104000200320010c0b300004f78001e40780007
:109114000080fa00000006000400fa00100798001e
:109124000040eb00004f78009e00900000042000f7
:10913400008060000000e0000200320010c0b300b4
:10914400004f78001e4078000080fa0000000600fe
:109154000400fa00100798000040eb00004f78006c
:109164001e009000700060000000e0000200320069
:1091740010c0b300004f78001e4078000080fa0051
:10918400000006000200fa00000f78009e80ea004a
:10919400007c800000806000007c88000080fa0071
:1091a400000006000000fa00007c80000080fa0045
:1091b400000006000200fa00faff0700000f780022
:1091c4001e0078009eff07000004e0000200320049
:1091d40000002800ebff07001e007800a4ff070032
:1091e4000004e0000200320000002400e5ff070054
:1091f4001e007800acff07000004e000020032000b
:1092040000202000dfff07001e007800b4ff0700e5
:109214000004e0000200320000082000d9ff07002b
:109224001e007800bcff07000004e00002003200ca
:1092340000042000d3ff07001e007800c4ff0700cd
:109244000004e0000200320000012000cdff07000e
:109254000080fa00000006000000fa00802fef00f2
:089264000080fa000000060082
:020000040000fa
:10926c00881000000600000080000000961000002e
:10927c0002000000800000009810000002000000b6
:10928c00800000009a100000020000008000000026
:10929c009c10000002000000800000009e100000e6
:1092ac000200000080000000801000000800000098
:1092bc00800000008e100000040000008000000000
:1092cc009a1100002000000080000000a010000097
:1092dc000200000082000000ffff0000a21000004e
:1092ec000200000080000000a4100000020000003a
:1092fc0080000000721100002800000080000000b7
:10930c00681000000c0000008200000050340300c4
:10931c0000c8200003002000bf0200000010000065
:10932c004c00000080000000d81100001c00000060
:10933c00820000001d030000003dff000000a8009b
:10934c00ff000000be7d000000caa1000000f60076
:10935c0083000000ea5f000000000000a81000007d
:10936c0088000000800000004c1000001c00000071
:10937c0080000000741000000c000000820000004f
:10938c0003000400000300000400030000faff00c7
:10939c00f27f00000e000000800000009210000020
:1093ac000400000080000000a61000000200000075
:1093bc00800000003011000042000000820000001c
:1093cc0034113600113611000100030000000000ba
:1093dc0000000000000000000000620021000000fe
:1093ec000000000000261d007213000000000000a9
:1093fc000000000000000000000000000000000061
:10940c000000000000000000000000000000000050
:10941c000000000000000000f4110000100000002b
:10942c0082000000494e460000696e0066004e0046
:10943c00414e00006e616e0000000000ba11000089
:10944c001e00000082000000286e69006c290000dc
:10945c0025006800076c09004c836a009074a0001a
:10946c007ac000008068880000846c008200810053
:10947c000412000002000000800000000000000048
:020000040000fa
:10948c000000fa00c3e8a800000000000000000083
:10949c000080fa00000006000000fa00c3e8a900f2
:1094ac0000000000000000000080fa000000060030
:1094bc000000fa00f8ff0700dd030700f0ff0700cb
:1094cc00e0b324006100070025a8a8000080fa0082
:1094dc00000006000000fa0000002800e0028800ee
:1094ec000080fa00000006000000fa0000002400d2
:1094fc000003880010c0b30080f0b7000080fa00b1
:10950c00000006000000fa008070ef000000000070
:10951c0040038000610060000000e000fcff3200ae
:10952c0080002000200388000080fa000000060064
:10953c000200fa000040eb00004f7800400380006e
:10954c0061006000004078000004e000020032007e
:10955c0010c0b300004f78001e4078000080fa0065
:10956c00000006000000fa0080d0bf000080fa0066
:10957c00000006000400fa006000b800008fbe0076
:10958c00b00380008000eb00c000dd000000200074
:10959c00008fbe00a00380008000eb003e01700035
:1095ac00ae8170000200be000080fa0000000600d0
:1095bc000400fa006000b800008fbe00d0038000e9
:1095cc008000eb00c000dd0000002000008fbe001a
:1095dc00c00380008000eb003e017000ae81700083
:1095ec000200be000080fa00000006000200fa0033
:1095fc000000eb00000f780041038000100e2000eb
:10960c00008f60001e0078000080fa000000060049
:10961c000400fa006000b800008fbe0070038000e8
:10962c008000eb00c000dd0000002000008fbe00b9
:10963c00600380008000eb003e017000ae81700082
:10964c000200be000080fa00000006000200fa00d2
:10965c00000f78001e0078000000e00002003200cd
:10966c009e007800318488000080fa00000006001b
:10967c000000fa000080fa00000006000000fa006a
:10968c0020212000e04d8800be29ef00c029ef000a
:10969c00c229ef00c629ef00c829ef00cc29ef0042
:1096ac00ce29ef00d029ef00d229ef00d429ef000a
:1096bc00d829ef00dc29ef00de29ef00a0bc240044
:1096cc00280007000508a9002508a800bde9a80086
:1096dc000080fa00000006000000fa00bde9a900b5
:1096ec000508a9002508a900bc29ef00be29ef0038
:1096fc00c029ef0000102000104e8800c629ef0092
:10970c00c829ef00cc29ef00ce29ef000080eb0038
:10971c00804e88000080eb00904e8800d429ef002a
:10972c00d829ef00dc29ef00de29ef000080fa00d9
:10973c00000006000000fa000508a9002508a80092
:10974c00bde9a8000080fa00000006000000fa0045
:10975c00bde9a9000508a9002508a9000080fa00a8
:10976c00000006000200fa00000f78001e007800ce
:10977c000000e000020032009e007800b1848800f6
:10978c000080fa00000006000000fa000080fa00d9
:10979c00000006000400fa000080eb008080eb0063
:1097ac00008fbe00e04e80008000eb00008fbe00fa
:1097bc00f04e80008000eb00c000dd0000002000b7
:1097cc001e1f70001e9770001e00be000080fa0065
:1097dc00000006000000fa00404e800011800a00d4
:1097ec00000000000080fb0000f0a7000000ea0071
:1097fc000000ea004f00de00004078000080fa0014
:10980c00000006000000fa00404e8000610060007d
:10981c0000f0a7000000ea000000e9004f00de00a5
:10982c00004078000080fa00000006000000fa00fa
:10983c00c829a9000080fa00000006000000fa0008
:10984c0020212000a04b88007629ef007829ef001a
:10985c007a29ef007e29ef008029ef008429ef00a0
:10986c008629ef008829ef008a29ef008c29ef0068
:10987c009029ef009429ef009629ef00a0ca24004c
:10988c002800070002e8a90022e8a80075e9a80052
:10989c000080fa00000006000000fa0075e9a9003b
:1098ac0002e8a90022e8a9007429ef007629ef004c
:1098bc007829ef0000102000d04b88007e29ef00a3
:1098cc008029ef008429ef008629ef000080eb004f
:1098dc00404c88000080eb00504c88008c29ef0035
:1098ec009029ef009429ef009629ef000080fa00f0
:1098fc00000006000000fa0002e8a90022e8a80017
:10990c0075e9a8000080fa00000006000000fa00cb
:10991c0075e9a90002e8a90022e8a9000080fa0074
:10992c00000006000200fa00000f78001e0078000c
:10993c000000e000020032009e007800c184880024
:10994c000080fa00000006000000fa000080fa0017
:10995c00000006000400fa000080eb008080eb00a1
:10996c00008fbe00a04c80008000eb00008fbe007a
:10997c00b04c80008000eb00c000dd000000200037
:10998c001e1f70001e9770001e00be000080fa00a3
:10999c00000006000000fa00004c800011800a0054
:1099ac00000000000080fb0000f0a7000000ea00af
:1099bc000000ea004f00de00004078000080fa0052
:1099cc00000006000000fa00004c800061006000fe
:1099dc0000f0a7000000ea000000e9004f00de00e4
:1099ec00004078000080fa00000006000000fa0039
:1099fc008029a9000080fa00000006000000fa008f
:109a0c0010212000c04c88009a29ef009c29ef00ff
:109a1c009e29ef00a229ef00a429ef00a829ef004e
:109a2c00aa29ef00ac29ef00ae29ef00b029ef0016
:109a3c00b429ef00b829ef00ba29ef00a0d8240010
:109a4c00280007000468a9002468a80099e9a80068
:109a5c000080fa00000006000000fa0099e9a90055
:109a6c000468a9002468a9009829ef009a29ef003e
:109a7c009c29ef0000102000f04c8800a229ef0078
:109a8c00a429ef00a829ef00aa29ef000080eb0021
:109a9c00604d88000080eb00704d8800b029ef000d
:109aac00b429ef00b829ef00ba29ef000080fa00c2
:109abc00000006000000fa000468a9002468a80051
:109acc0099e9a8000080fa00000006000000fa00e6
:109adc0099e9a9000468a9002468a9000080fa008b
:109aec00000006000200fa00000f78001e0078004b
:109afc000000e000020032009e007800d184880053
:109b0c000080fa00000006000000fa000080fa0055
:109b1c00000006000400fa000080eb008080eb00df
:109b2c00008fbe00c04d80008000eb00008fbe0097
:109b3c00d04d80008000eb00c000dd000000200054
:109b4c001e1f70001e9770001e00be000080fa00e1
:109b5c00000006000000fa00204d800011800a0071
:109b6c00000000000080fb0000f0a7000000ea00ed
:109b7c000000ea004f00de00004078000080fa0090
:109b8c00000006000000fa00204d8000610060001b
:109b9c0000f0a7000000ea000000e9004f00de0022
:109bac00004078000080fa00000006000000fa0077
:109bbc00a429a9000080fa00000006000000fa00a9
:109bcc0010212000804a88005229ef005429ef0010
:109bdc005629ef005a29ef005c29ef006029ef00ad
:109bec006229ef006429ef006629ef006829ef0075
:109bfc006c29ef007029ef007229ef00a0e6240019
:109c0c002800070000c8a90020c8a80051e9a80036
:109c1c000080fa00000006000000fa0051e9a900db
:109c2c0000c8a90020c8a9005029ef005229ef0054
:109c3c005429ef0000102000b04a88005a29ef0088
:109c4c005c29ef006029ef006229ef000080eb0037
:109c5c00204b88000080eb00304b88006829ef0017
:109c6c006c29ef007029ef007229ef000080fa00d8
:109c7c00000006000000fa0000c8a90020c8a800d7
:109c8c0051e9a8000080fa00000006000000fa006c
:109c9c0051e9a90000c8a90020c8a9000080fa0059
:109cac00000006000200fa00000f78001e00780089
:109cbc000000e000020032009e007800e184880081
:109ccc000080fa00000006000000fa000080fa0094
:109cdc00000006000400fa000080eb008080eb001e
:109cec00008fbe00804b80008000eb00008fbe0018
:109cfc00904b80008000eb00c000dd0000002000d5
:109d0c001e1f70001e9770001e00be000080fa001f
:109d1c00000006000000fa00e04a800011800a00f2
:109d2c00000000000080fb0000f0a7000000ea002b
:109d3c000000ea004f00de00004078000080fa00ce
:109d4c00000006000000fa00e04a8000610060009c
:109d5c0000f0a7000000ea000000e9004f00de0060
:109d6c00004078000080fa00000006000000fa00b5
:109d7c005c29a9000080fa00000006000000fa002f
:109d8c006143800000702000010070006043880077
:109d9c0061438000f0ff28000080600000c0a0003c
:109dac0060438800b1428000f0f82f000080600012
:109dbc000040a000b0428800a142800080ff2f002c
:109dcc00008060000000a000a0428800814280005a
:109ddc00f0ff28000080600000c0a00080428800d6
:109dec0051428000f0ff28000080600000c0a000fd
:109dfc005042880011428000f08f2f0000806000dc
:109e0c000080a0001042880001428000f0f82f0072
:109e1c00008060000060a000004288000080fa0012
:109e2c00000006000000fa0061438000f08f2f0054
:109e3c000080600000a0a0006043880061438000a7
:109e4c00f0ff28000080600000e0a0006043880064
:109e5c00b1428000f0f82f00008060000060a0008c
:109e6c00b0428800a142800080ff2f00008060007b
:109e7c000020a000a042880081428000f0ff280052
:109e8c000080600000e0a000804288005142800009
:109e9c00f0ff28000080600000e0a0005042880025
:109eac0011428000f08f2f000080600000a0a00005
:109ebc001042880001428000f0f82f000080600002
:109ecc000060a000004288000080fa00000006003c
:109edc000000fa00400880008000eb000080fa00cf
:109eec00000006000000fa00200880008000eb0053
:109efc000080fa00000006000000fa00203020006c
:109f0c00000888000421ef00f0f3210040088800cd
:109f1c00a0ff24002b0007000a0007000080fa00b5
:109f2c00000006000000fa000c0007000021ef0002
:109f3c000421ef000080eb00400888000080fa004c
:109f4c00000006000000fa000028a9002028a80044
:109f5c0001e1a8000080fa00000006000000fa00f1
:109f6c0001e1a9002028a9000080fa0000000600e9
:109f7c000400fa00008fbe001e0078004008880024
:109f8c000080fa00000006000200fa00000f7800c2
:109f9c001e00780000407800674060000080fb00e5
:109fac00670060004400dd0002428000f1f82f00e1
:109fbc008100610001007000004288000080fa00fe
:109fcc00000006000200fa00000f78001e00780066
:109fdc000000e000020032009e007800118588002d
:109fec000080fa00000006000000fa000080fa0071
:109ffc00000006000200fa00000f78009e007800b6
:10a00c00410888000080fa0000000600040c2000c3
:10a01c002402880020149000401590008608c3008c
:10a02c008608c1008608c1001201c10050159000bd
:10a03c002a039000360598001a0390002605980014
:10a04c000a03900016059800100190009200780009
:10a05c001011900092801000201990008208dd00f1
:10a06c0030149000010d78008688c3008688c100ea
:10a07c008688c1008688c1001281c1000000cb0017
:10a08c00301b90000600c8000400cd004023900057
:10a09c001620e600060278005023900016a0e60079
:10a0ac0006027800100c9000040c7800401590000b
:10a0bc001a039000260598000a03900016059800d4
:10a0cc00040d780000000600801f780040109000fe
:10a0dc000018eb000018eb000008eb004f007800b4
:10a0ec00801f7800501090000018eb000018eb0057
:10a0fc000018eb000008eb004f0078000000060091
:10a10c00801f7800811f7800501090000118780093
:10a11c00011878000118780001087800cf00780049
:10a12c004f007800801f7800821f7800401090004c
:10a13c000218780002187800020878004f017800a5
:10a14c004f007800000006000000fa001000230009
:10a15c00307c8800a0052000407c88008c2fef000c
:10a16c0010322000507c880010102800707c880071
:10a17c00d0072000807c880010322000907c880062
:10a18c0000502000d07c880000202900c07d880071
:10a19c00b0002000d07d880000002400f07d8800f5
:10a1ac00002def00a42fef00a62fef00a82fef003b
:10a1bc00aa2fef00ae2fef00b02fef00b22fef0061
:10a1cc001200200080072000a109200053f8200075
:10a1dc00804978008149780082497800120020007b
:10a1ec00600420007105200043f8200080497800ad
:10a1fc00814978008249780000000000207c8000b2
:10a20c00610060000000e000fcff3a00000000006c
:10a21c00217c800000022000008060000000e00033
:10a22c00fbff32000080fa00000006000000fa007c
:10a23c00707c8000ee800a00000000000080fb00b3
:10a24c0000f0a7000000ea000000ea004f00de006a
:10a25c00004078000080fa00000006000000fa00c0
:10a26c00062eef00222eef0000202000f071880057
:10a27c005a2eef00f001200010708800d0ff230050
:10a28c00f0708800f0df2f00d0718800f0ef25000f
:10a29c00b07288000a2eef00262eef00422eef003f
:10a2ac005e2eef000c2eef0000402f004071880056
:10a2bc00442eef001000200000738800082eef00e1
:10a2cc00242eef00402eef005c2eef00f00120005a
:10a2dc0000708800d0092000e0708800f00c20008d
:10a2ec00c071880000c02500a07288000000eb003f
:10a2fc0051052000b1468800a10a2000b146880013
:10a30c000068880010c4b3000bedb70010c4b30094
:10a31c000dedb700b0c2b30011edb700b0c2b30081
:10a32c000fedb700c16c8000f00f2c0000806000b6
:10a33c000080a000c06c8800008020005105200027
:10a34c00b1468800a10a2000b14688000068880048
:10a35c000080fa00000006000200fa00000f7800ee
:10a36c000300370000f925001100200063000700ee
:10a37c001e00780000f0a7000000ea000000ea00d0
:10a38c004f00de00004078001e0fe9000004e000e2
:10a39c00f4ff3a000080fa00000006000200fa0008
:10a3ac00000f78000500370000b4200001002000e9
:10a3bc005200070001fe2f001e8f40001e00780087
:10a3cc00ff0f5000f8ff3e0003003700a0052000ef
:10a3dc0001002000490007001e00780000f0a700d3
:10a3ec000000ea000000ea004f00de0000407800a8
:10a3fc001e0fe9000004e000f4ff3a000080fa00b0
:10a40c00000006000000fe000e4b020000000000e1
:10a41c00821f7800128480000000110002002000ce
:10a42c00810019004f017800000006000000fe00ba
:10a43c00801f7800811f7800821f780060038000e5
:10a44c00801f78000e4b0200000000004f017800c6
:10a45c00020150000201e900128488004f017800cb
:10a46c00cf0078004f007800000006000000fa00d2
:10a47c00c3e8a80000000000000000000080fa0003
:10a48c00000006000000fa002fff070073ff070012
:10a49c00e2f6070006fc070084f50700c7fd07007d
:10a4ac00e6fc070055fd070074fc070092fe070050
:10a4bc00a8f80700edff070030fe07000080fa0047
:10a4cc00000006000200fa00000f78009e007800e1
:10a4dc00018588000000fe000080fa0000000600e4
:10a4ec000000fa00a019210080077800201b210031
:0ca4fc00000188000080fa00000006004b
:020000040000fa
:10a50800f03fb1000180b10006003500ee030900fc
:10a5180000000000403fb1000180b100fbff3d009a
:10a528001000b000203fb000020035000080090094
:08a53800000000000000060015
:020000040000fa
:10a54000809fbe00ec805700310078007084880046
:10a550001100780090f0b7004f00be000000060028
:020000040000fa
:04a56000ffffff00fa
:020000040000fa
:02000004000af0
:04fe0000ffffff0001
:020000040000fa
:02000004000af0
:04fe2000ffffff00e1
:020000040000fa
:02000004000af0
:04fe300078ffff0058
:020000040000fa
:02000004000af0
:04fe38007fffff0049
:020000040000fa
:02000004000af0
:04fe4000f453ff0078
:020000040000fa
:02000004000af0
:04fe4800ffffff00b9
:020000040000fa
:02000004000af0
:04fe5000dfffff00d1
:020000040000fa
:02000004000af0
:04fe58000000ff00a7
:020000040000fa
:02000004000af0
:04fe60000000ff009f
:020000040000fa
:02000004000af0
:04fe68000000ff0097
:020000040000fa
:02000004000af0
:04fe70000000ff008f
:020000040000fa
:02000004000af0
:04fe7800ffffff0089
:020000040000fa
:02000004000af0
:04fe8000fffcff0084
:020000040000fa
:02000004000af0
:04fe8800ffffff0079
:020000040000fa
:02000004000af0
:04feb000ffffff0051
:020000040000fa
:02000004000af0
:04fec000ffffff0041
:020000040000fa
:02000004000af0
:04fed000ffffff0031
:020000040000fa
:02000004000af0
:04fee000ffffff0021
:020000040000fa
:02000004000af0
:04fef000ffffff0011
:020000040000fa
:02000004000af0
:04fff800ffffff0008
:020000040000fa
:020000040100f9
:04300000ffffff00cf
:00000001FF
